case_id,sample_set,sample_reason,meeting_id,meeting_dir_name,generator,budget,run,slot,first_presence,gpt_presence,claude_presence,first_fact_check,adjudication_source,source_row_id,slot_label,second_topic_gate_passed,second_quality_gate_satisfied,second_presence,second_rationale,second_notes,presence_distance,disagreement_type
IAA001,hard,human_vs_both,MTG45,45_BostonCC_02022022,deepseek_reasoning,budget_02,run_05,N,1.0,0.5,0.0,1.0,human_adjudication,4652,Outcome-Near Condition / Operative Payload,True,False,0.5,"Topic Gate marginally passes: 'order for a hearing on vaccine mandate changes' attaches a payload subject to the acted-on item, similar in shape to the PRAC005 0.5 example. Quality Gate fails: no named requirement (witness categories), no scope boundary (MOA/work-conditions/bargaining units), and no payload-linked numeric facet are expressed.",BORDERLINE 0.0/0.5 boundary; chose 0.5 per second-author dialog: minimal payload attachment via topic phrase is sufficient for Topic Gate.,0.5,adjacent_disagreement
IAA002,random,slot_stratified_random,MTG37,37_AlamedaCC_03302021,gemini_2_5_flash_lite,budget_02,run_05,S,1.0,1.0,0.0,1.0,human_adjudication,3884,Shared Concern Synthesis,True,False,0.5,"Summary frames the discussion around vehicle use, symbolic impact, and officer/citizen safety, touching the recurring concern theme; but the militarization/community-harm side is only signaled vaguely by 'symbolic impact'.",BORDERLINE: 'symbolic impact' is thin for QG specific_content; chose 0.5.,0.5,adjacent_disagreement
IAA003,hard,boundary:memorial_tribute_LS,MTG38,38_DenverCityCouncil_02142022,gemini_2_5_flash_lite,budget_03,run_01,L,0.0,0.0,0.0,,judge_agreement,9210,Concrete Concern,True,False,0.5,Topic Gate passes under the zero-info-threshold rule: Summary mentions Ambrose's 'advocacy and impact' and 'legacy'/'community engagement' which thread to source obstacle_content 'Loss of Larry Ambrose as a neighborhood and citywide civic advocate'. Civic-voice/advocacy theme is touched (mis-framed as celebration but slot-relevant). Quality Gate fails: framing and specificity insufficient for full QG.,"Training-aligned upgrade from strict-version 0.0: per zero-info-threshold rule, partial slot content present.",0.5,adjacent_disagreement
IAA004,random,slot_stratified_random,MTG32,32_AlamedaCC_02212017,gemini_2_5_flash_lite,budget_06,run_03,N,1.0,1.0,1.0,1.0,judge_agreement,13843,Outcome-Near Condition / Operative Payload,True,True,1.0,"Summary attaches concrete payloads to the action: exclude Wells Fargo from banking RFPs, refrain from new investments, and revise the investment policy. Named requirements and scope are present.",,0.0,agreement
IAA005,hard,boundary:ceremonial_proclamation_N,MTG8,08_DenverCityCouncil_04132015,deepseek_reasoning,budget_06,run_01,N,1.0,1.0,0.0,1.0,human_adjudication,11239,Outcome-Near Condition / Operative Payload,True,True,1.0,"Summary names concrete payloads: campaign statistics, Manager of Safety's commitment to the campaign, and a requested future safety-committee update on the Rose Interim Domestic Violence facility.",,0.0,agreement
IAA006,random,slot_stratified_random,MTG50,50_AlamedaCC_04072015,gemini_2_5_flash_lite,budget_06,run_01,T,1.0,0.5,1.0,1.0,human_adjudication,15716,Topic/Framing,True,True,1.0,"Summary identifies the Charter Section subject, the policy direction (clarifying 'influence' and a multi-step enforcement process), and the target rule set governing councilmember interference.",,0.0,agreement
IAA007,hard,gpt_claude_gap_human_matched,MTG31,31_LongBeachCC_03222016,deepseek_reasoning,budget_02,run_02,T,1.0,0.0,1.0,1.0,human_adjudication,3158,Topic/Framing,True,True,1.0,"Summary identifies the bid/review subject, the policy direction (30-day independent review selected by city attorney without contract extension), and the target action.",,0.0,agreement
IAA008,random,slot_stratified_random,MTG30,30_DenverCityCouncil_09232019,deepseek_reasoning,budget_02,run_04,B,1.0,1.0,1.0,1.0,judge_agreement,3069,Agenda-Setting Background / Precipitating Context,True,True,1.0,"Summary states background (opposition, neighbor protests, state-law constraint) and connects it directly to the publication decision and request for a public hearing.",,0.0,agreement
IAA009,hard,human_vs_both,MTG4,04_LongBeachCC_11182014,deepseek_temp1_chat,budget_02,run_03,L,1.0,0.5,0.0,1.0,human_adjudication,369,Concrete Concern,True,False,0.5,"Topic Gate passes under the zero-info-threshold rule: Summary explicitly names 'fiscal impacts', 'enforcement', and 'breeder exemptions' --- all three are source-listed concern items (enforcement constraints/canvassing capacity, fiscal impact, responsible-breeder/AKC concerns). Even if framed as open items rather than concerns, the slot content threads are present. Quality Gate fails: framing and specificity insufficient for full QG.","Training-aligned upgrade from strict-version 0.0: per zero-info-threshold rule, partial slot content present.",0.5,adjacent_disagreement
IAA010,hard,human_vs_both,MTG24,24_BostonCC_06152022,gemini_2_5_flash_lite,budget_03,run_02,U,0.5,1.0,0.0,1.0,human_adjudication,7749,Unresolved Tail / Future Return Path,True,False,0.5,"Topic Gate passes via 'step toward reconciliation' as future-tail marker; Quality Gate fails because the abstract 'reconciliation' subsumes but does not express the source-required content (conversations about undoing harm, healing, restoration, repair, improving race relations).",Second-author resolution: abstraction-downgrade rule applied. 'step toward reconciliation' is an umbrella term; QG facets need the underlying specifics.,0.0,agreement
IAA011,random,slot_stratified_random,MTG48,48_BostonCC_06082022,gemini_2_5_flash_lite,budget_02,run_01,U,0.0,0.0,0.0,,judge_agreement,5012,Unresolved Tail / Future Return Path,False,False,0.0,"Summary describes the budget vote and concerns but states no future-facing pending item, return path, or unresolved tail beyond the completed approval.",,0.0,agreement
IAA012,random,slot_stratified_random,MTG39,39_DenverCityCouncil_03102014,deepseek_reasoning,budget_03,run_01,N,1.0,1.0,1.0,1.0,judge_agreement,9244,Outcome-Near Condition / Operative Payload,True,True,1.0,"Summary attaches the rezoning payload (mixed-use zones, senior housing, Cherry Creek Area Plan alignment, pedestrian connectivity scope) to the action.",,0.0,agreement
IAA013,random,slot_stratified_random,MTG5,05_LongBeachCC_01192021,gemini_2_5_flash_lite,budget_02,run_04,U,0.0,0.0,0.0,,judge_agreement,518,Unresolved Tail / Future Return Path,True,False,0.5,Topic Gate passes under the zero-info-threshold rule: Summary names 'no net loss ordinances' and 'fee structures' which thread to source pending items 'no net loss ordinance vote' and 'in-lieu-fee resolution vote'. 'Received recommendations' weakly implies follow-up. Pending-item content threads are present. Quality Gate fails: framing and specificity insufficient for full QG.,"Training-aligned upgrade from strict-version 0.0: per zero-info-threshold rule, partial slot content present.",0.5,adjacent_disagreement
IAA014,hard,boundary:N_scalar_omission,MTG34,34_LongBeachCC_05112021,deepseek_reasoning,budget_02,run_05,N,0.5,0.5,0.0,1.0,human_adjudication,3497,Outcome-Near Condition / Operative Payload,True,False,0.5,"Topic Gate passes via 'key themes and next steps' attached to the strategic-vision update. Quality Gate fails on all four facets: no numeric value, no named process/instrument (equity / engagement / basic needs are values not named processes), no geographic scope boundary, no date cutoff.",Second-author resolution: abstraction-downgrade. 'key themes and next steps' is an umbrella term that absorbs all the source-required scalars/processes/scope/dates without expressing them.,0.0,agreement
IAA015,random,slot_stratified_random,MTG17,17_DenverCityCouncil_04092018,gemini_2_5_flash_lite,budget_06,run_01,T,1.0,1.0,1.0,1.0,judge_agreement,12251,Topic/Framing,True,True,1.0,"Summary identifies the bill, the policy direction (rezoning from multi-unit three-storey to urban center mixed-use five-storey), the target (Grove Street properties), and applicant.",,0.0,agreement
IAA016,hard,boundary:dense_technical_segment,MTG15,15_AlamedaCC_02022016,gemini_2_5_flash_lite,budget_03,run_01,N,1.0,1.0,0.0,1.0,human_adjudication,6794,Outcome-Near Condition / Operative Payload,True,False,0.5,"Topic Gate passes via 'beer and wine sales at convenience store' attached to the use-permit decision. Quality Gate fails: no numeric/time quantity (1995/2012 history, 2pm/11pm/midnight candidate cutoffs, $1M investment dropped) and no date_cutoff attached to the payload; named_requirement and scope_boundary only partially expressed.",Second-author resolution: abstraction-downgrade. Summary drops all source-required scalars and time boundaries.,0.5,adjacent_disagreement
IAA017,hard,human_vs_both,MTG45,45_BostonCC_02022022,gemini_2_5_flash_lite,budget_06,run_03,N,1.0,0.5,0.0,1.0,human_adjudication,15208,Outcome-Near Condition / Operative Payload,True,False,0.5,"Summary attaches the hearing payload to the action (mandate changes, bargaining, transparency themes) but does not include an identifiable numeric scalar/quantity tied to the hearing payload.","BORDERLINE: borderline on number facet; per PRAC005 pattern, missing scalar -> 0.5.",0.5,adjacent_disagreement
IAA018,hard,human_vs_both,MTG25,25_AlamedaCC_12172019,deepseek_reasoning,budget_03,run_04,L,1.0,0.5,0.5,1.0,human_adjudication,7796,Concrete Concern,True,True,1.0,"Summary specifies the concrete concern (civil liberties) and ties it to the policy debate on enforceable ordinances, satisfying TG and QG specific-concern-content facet.",BORDERLINE: 'civil liberties' is a general term; sufficient specificity per slot match list.,0.0,agreement
IAA019,hard,human_vs_both,MTG32,32_AlamedaCC_02212017,deepseek_temp1_chat,budget_03,run_05,U,1.0,0.5,0.0,1.0,human_adjudication,8575,Unresolved Tail / Future Return Path,True,False,0.5,"Topic Gate passes via 'until further direction' as a pendingness marker tied to paused new investments. Quality Gate fails: the handling path is collapsed into the generic 'until further direction' phrase; the source-specified paths (staff identification/report-back, Treasurer/Finance Director investment-policy work, six-week/April annual review, RFP drafting) are not visible, and the qualifying 'after criteria are available' specifier is absent.",Second-author resolution: abstraction-downgrade. 'further direction' alone is the most generic possible path language; rubric's allowed phrase is 'further Council direction after criteria are available' with the qualifier.,0.5,adjacent_disagreement
IAA020,hard,boundary:B_implicit_background,MTG47,47_SeattleCityCouncil_05022016,deepseek_reasoning,budget_03,run_01,B,1.0,1.0,0.0,0.0,human_adjudication,10083,Agenda-Setting Background / Precipitating Context,True,True,1.0,"Summary states background context (labor agreements, port jobs, traffic concerns) and connects it directly to the 5-4 vote against the vacation petition.",,0.0,agreement
IAA021,random,slot_stratified_random,MTG24,24_BostonCC_06152022,deepseek_reasoning,budget_02,run_04,L,0.0,0.0,0.0,,judge_agreement,2441,Concrete Concern,True,False,0.5,Topic Gate passes under the zero-info-threshold rule: Summary names 'Boston's role in slavery' which threads to source obstacle_content 'Continuing detrimental impacts from Boston's role in slavery and racial exclusion'. The historical-harm anchor is present (thin but non-zero). Quality Gate fails: framing and specificity insufficient for full QG.,"Training-aligned upgrade from strict-version 0.0: per zero-info-threshold rule, partial slot content present.",0.5,adjacent_disagreement
IAA022,hard,gpt_claude_gap_human_matched,MTG43,43_SeattleCityCouncil_12142015,deepseek_temp1_chat,budget_03,run_05,L,1.0,0.0,1.0,1.0,human_adjudication,9728,Concrete Concern,True,True,1.0,"Summary specifies the concrete concern (need for explicit free-speech protections in public-benefit open space) and ties it to the vote outcome, satisfying TG and QG specificity.",,0.0,agreement
IAA023,random,slot_stratified_random,MTG15,15_AlamedaCC_02022016,deepseek_temp1_chat,budget_02,run_05,O,1.0,1.0,1.0,0.0,judge_agreement,1535,Outcome/Position,True,True,1.0,Summary states a clear disposition (upheld Planning Board's denial) tied to a specifically identified item (beer/wine use permit for the 76 Station).,,0.0,agreement
IAA024,hard,boundary:B_implicit_background,MTG43,43_SeattleCityCouncil_12142015,gemini_2_5_flash_lite,budget_02,run_03,B,0.0,1.0,0.0,,human_adjudication,4497,Agenda-Setting Background / Precipitating Context,True,True,1.0,"Summary states the free-speech debate as background context shaping the alley vacation handling, connecting it to the current item.",BORDERLINE: background is presented thinly; chose 1.0 since the connection to the current item is visible.,1.0,severe_disagreement
IAA025,hard,human_vs_both,MTG41,41_SeattleCityCouncil_11212016,deepseek_reasoning,budget_06,run_03,L,0.5,1.0,0.0,1.0,human_adjudication,14719,Concrete Concern,True,True,1.0,"Summary specifies the concrete concern via Sawant's dissent ('business as usual despite marginal improvements'), satisfying TG and QG specific-concern-content.",BORDERLINE: relies on dissent framing; chose 1.0.,0.5,adjacent_disagreement
IAA026,random,slot_stratified_random,MTG27,27_BostonCC_04132022,deepseek_temp1_chat,budget_06,run_03,N,1.0,1.0,1.0,1.0,judge_agreement,13283,Outcome-Near Condition / Operative Payload,True,True,1.0,"Summary attaches the payload (ARPA funds for field house) with named requirement ($10 million), scope (Dorchester, Boys and Girls Club, Martin Richard Foundation), and a specific numeric scalar.",,0.0,agreement
IAA027,random,slot_stratified_random,MTG18,18_SeattleCityCouncil_08152016,deepseek_reasoning,budget_06,run_03,B,1.0,1.0,0.0,1.0,human_adjudication,12302,Agenda-Setting Background / Precipitating Context,True,True,1.0,"Summary states background context (community input timing debate, $149M cost cap removal) and connects it to the resolution's adoption with amendments.",,0.0,agreement
IAA028,hard,gpt_claude_gap_human_matched,MTG29,29_BostonCC_05182022,deepseek_temp1_chat,budget_06,run_05,B,1.0,1.0,0.5,1.0,human_adjudication,13506,Agenda-Setting Background / Precipitating Context,True,True,1.0,"Summary states relevant background (state's DESE failures, Lawrence's poor track record, central office failures) and connects it to the resolution's adoption.",,0.0,agreement
IAA029,hard,gpt_claude_gap_human_matched,MTG30,30_DenverCityCouncil_09232019,gemini_2_5_flash_lite,budget_06,run_03,T,1.0,0.5,1.0,1.0,human_adjudication,13630,Topic/Framing,True,True,1.0,"Summary identifies the bill, the policy direction (vote to publish for future hearing), and the target (vacation/dedication processes under state law).",,0.0,agreement
IAA030,hard,boundary:ceremonial_proclamation_N,MTG20,20_SeattleCityCouncil_08092021,deepseek_temp1_chat,budget_02,run_04,N,1.0,1.0,1.0,1.0,judge_agreement,2055,Outcome-Near Condition / Operative Payload,True,False,0.5,"Topic Gate passes: payload (urging funding for New Hope) attached to Resolution 32015. Quality Gate fails: no numeric/scalar value attached to payload (source's 86 affordable homes, $35M NOFA, $50M Rescue Plan, 2021 funding year are all dropped); named_requirement, scope, and 'fall budget process' fiscal-period reference are present, but number facet is missing.",Second-author resolution: abstraction-downgrade. Summary collapses all source scalars into 'funding decisions'.,0.5,adjacent_disagreement
IAA031,random,slot_stratified_random,MTG22,22_KingCountyCC_07292019,deepseek_reasoning,budget_02,run_05,L,0.0,0.0,0.0,,judge_agreement,2238,Concrete Concern,True,False,0.5,"Summary names amendments and contested allocations but does not specify the underlying concrete concerns (equity for target populations, facility vs program tension) as concerns.","BORDERLINE: amendments listed (7.5% cap, facility funding) implicitly reference concerns but don't state them as concerns; chose 0.5.",0.5,adjacent_disagreement
IAA032,random,slot_stratified_random,MTG2,02_KingCountyCC_10012018,gemini_2_5_flash_lite,budget_03,run_05,B,0.0,0.0,0.0,,judge_agreement,5456,Agenda-Setting Background / Precipitating Context,True,True,1.0,"Summary states the consolidation/workforce-management context and connects it to the director confirmation, satisfying TG and QG.",BORDERLINE: background is presented briefly; chose 1.0.,1.0,severe_disagreement
IAA033,random,slot_stratified_random,MTG8,08_DenverCityCouncil_04132015,deepseek_reasoning,budget_02,run_05,T,1.0,1.0,1.0,1.0,judge_agreement,764,Topic/Framing,True,True,1.0,"Summary identifies Proclamation 201, the Start by Believing campaign, and its purpose (support for sexual assault victims), satisfying subject, policy direction, and target.",,0.0,agreement
IAA034,random,slot_stratified_random,MTG17,17_DenverCityCouncil_04092018,deepseek_temp1_chat,budget_06,run_05,S,0.0,0.0,0.0,,judge_agreement,12249,Shared Concern Synthesis,True,False,0.5,"Topic Gate passes under the zero-info-threshold rule: Summary explicitly mentions 'deeply affordable housing' and 'integrated income mix' --- both match source concern_content ('deeply low-income or voucher-supported access', 'integrated neighborhoods with affordability built in'). Theme is celebrated rather than framed as concern, but slot content threads are present. Quality Gate fails: framing and specificity insufficient for full QG.","Training-aligned upgrade from strict-version 0.0: per zero-info-threshold rule, partial slot content present.",0.5,adjacent_disagreement
IAA035,random,slot_stratified_random,MTG35,35_AlamedaCC_12062016,deepseek_temp1_chat,budget_02,run_03,T,1.0,1.0,1.0,1.0,judge_agreement,3620,Topic / Framing,True,True,1.0,"Summary identifies the subject (FPPC complaint), the policy direction (file complaint despite prior investigations), and the target (unidentifiable election mailers).",,0.0,agreement
IAA036,random,slot_stratified_random,MTG36,36_LongBeachCC_11012016,deepseek_temp1_chat,budget_06,run_05,O,1.0,1.0,1.0,1.0,judge_agreement,14240,Outcome/Position,True,True,1.0,"Summary states clear dispositions (delay motion failed, item approved) tied to specifically identified items (Queen Mary lease amendment, $17.2M bond).",,0.0,agreement
IAA037,hard,boundary:slot_locality_issue,MTG5,05_LongBeachCC_01192021,deepseek_reasoning,budget_06,run_01,O,1.0,1.0,1.0,0.0,judge_agreement,10922,Outcome / Position,True,True,1.0,"Summary states dispositions (three unanimous approvals, amendment to remove 2025 sunset) tied to specifically identified items (inclusionary, no net loss, in-lieu fee).",,0.0,agreement
IAA038,random,slot_stratified_random,MTG11,11_DenverCityCouncil_12192016,gemini_2_5_flash_lite,budget_02,run_04,N,1.0,1.0,1.0,1.0,judge_agreement,1145,Outcome-Near Condition / Operative Payload,True,True,1.0,"Summary attaches payload (five-story mixed-use rezoning), names scope (1209 N Perry Street, transit-oriented development), and provides a numeric scalar (five stories).",,0.0,agreement
IAA039,random,slot_stratified_random,MTG24,24_BostonCC_06152022,deepseek_reasoning,budget_02,run_02,N,1.0,1.0,1.0,1.0,judge_agreement,2426,Outcome-Near Condition / Operative Payload,True,True,1.0,"Topic Gate passes: payload (acknowledge/condemn/apologize for Boston's role in slave trade) directly attached to the resolution. Quality Gate passes both required facets: named_requirement ('acknowledging, condemning, apologizing') and scope_boundary ('Boston's role in the slave trade'). This slot variant does not require number or date_cutoff facets because the source has no operative scalar/deadline.",Second-author upgrade from first-pass 0.5: number facet was not in the QG label set for this case; first pass mistakenly required it.,0.0,agreement
IAA040,random,slot_stratified_random,MTG9,09_AlamedaCC_04292015,deepseek_reasoning,budget_03,run_04,B,0.0,0.0,0.0,,judge_agreement,6114,Agenda-Setting Background / Precipitating Context,True,True,1.0,"Summary states the recruitment-firm presentation background and connects it to the not-yet-decided selection process, satisfying TG and QG connection.",,1.0,severe_disagreement
IAA041,random,slot_stratified_random,MTG22,22_KingCountyCC_07292019,deepseek_reasoning,budget_03,run_03,O,1.0,1.0,1.0,1.0,judge_agreement,7471,Outcome/Position,True,True,1.0,"Summary states disposition (advanced to full council without recommendation, date set for August 28) tied to Motion 2019-245.",,0.0,agreement
IAA042,hard,gpt_claude_gap_human_matched,MTG35,35_AlamedaCC_12062016,deepseek_temp1_chat,budget_06,run_03,L,1.0,0.5,1.0,1.0,human_adjudication,14124,Concrete Concern,True,True,1.0,"Summary specifies concrete concerns (state-law violations, broader campaign finance concerns, negative campaigning) tied to the complaint authorization.",,0.0,agreement
IAA043,hard,human_vs_both,MTG37,37_AlamedaCC_03302021,deepseek_reasoning,budget_02,run_05,U,1.0,0.5,0.0,1.0,human_adjudication,3815,Unresolved Tail / Future Return Path,True,True,1.0,Summary identifies the pending item (future review of operational policy modeled on Berkeley's) and visible handling path (adopt Berkeley's with later modifications).,,0.0,agreement
IAA044,hard,human_vs_both,MTG6,06_DenverCityCouncil_09252017,deepseek_reasoning,budget_02,run_05,N,0.5,1.0,0.0,0.0,human_adjudication,557,Outcome-Near Condition / Operative Payload,True,False,0.5,"Summary attaches the proclamation payload (honoring retiring City Attorney) but lacks specific named requirements, scope details, or numeric scalars (e.g., years of service) tied to the payload.",BORDERLINE: 'long service' is vague; missing specific scalar.,0.0,agreement
IAA045,random,slot_stratified_random,MTG4,04_LongBeachCC_11182014,deepseek_temp1_chat,budget_03,run_02,T,1.0,1.0,1.0,1.0,judge_agreement,5608,Topic / Framing,True,True,1.0,"Summary identifies the subject (spay/neuter and pet-sales ordinance), the policy direction (draft mandatory measures with exemptions), and the target (dogs, cats, rabbits, pet shops).",,0.0,agreement
IAA046,hard,gpt_claude_gap_human_matched,MTG25,25_AlamedaCC_12172019,deepseek_reasoning,budget_06,run_05,U,1.0,0.0,1.0,1.0,human_adjudication,13055,Unresolved Tail / Future Return Path,True,True,1.0,Summary identifies the pending item (enforceable ordinance) and the handling path (staff directed to return with draft ordinances).,,0.0,agreement
IAA047,hard,gpt_claude_gap_human_matched,MTG12,12_KingCountyCC_03212018,deepseek_temp1_chat,budget_02,run_05,N,0.5,0.5,0.0,1.0,human_adjudication,1222,Outcome-Near Condition / Operative Payload,True,False,0.5,"Summary attaches payload (E911 strategic plan and governing-board ordinance) and provides a vote count, but named requirements/scope detail is thin beyond 'technology and finance' challenges.",BORDERLINE: vote count (6-0) is a scalar but not tied to a payload requirement; chose 0.5.,0.0,agreement
IAA048,random,slot_stratified_random,MTG6,06_DenverCityCouncil_09252017,deepseek_reasoning,budget_02,run_05,U,0.0,0.0,0.0,,judge_agreement,560,Unresolved Tail / Future Return Path,False,False,0.0,Summary states the proclamation was adopted but does not identify any unresolved tail or future-facing pending work after adoption.,,0.0,agreement
IAA049,hard,human_vs_both,MTG8,08_DenverCityCouncil_04132015,deepseek_temp1_chat,budget_02,run_03,B,0.5,1.0,0.0,1.0,human_adjudication,787,Agenda-Setting Background / Precipitating Context,True,False,0.5,"Topic Gate passes under the zero-info-threshold rule: Summary names 'supportive responses to sexual assault victims' which threads to source trigger_condition 'Doubt, shame, or blame from loved ones can cause additional negative effects' and the survivor-support background. The supportive-response/victim-need theme connects to the precipitating context. Quality Gate fails: framing and specificity insufficient for full QG.","Training-aligned upgrade from strict-version 0.0: per zero-info-threshold rule, partial slot content present.",0.0,agreement
IAA050,random,slot_stratified_random,MTG25,25_AlamedaCC_12172019,deepseek_temp1_chat,budget_03,run_02,L,0.0,0.0,0.0,,judge_agreement,7817,Concrete Concern,True,False,0.5,"Summary mentions discussion centered on 'stronger legal protections' and converting policy to ordinance, but does not specify the concrete civil-liberties/racial-bias/surveillance concerns.",BORDERLINE: 'stronger legal protections' is generic concern language; chose 0.5.,0.5,adjacent_disagreement
IAA051,hard,human_vs_both,MTG41,41_SeattleCityCouncil_11212016,gemini_2_5_flash_lite,budget_06,run_02,N,1.0,0.0,0.5,1.0,human_adjudication,14781,Outcome-Near Condition / Operative Payload,True,False,0.5,"Summary attaches budget payload to action with themes (early childhood education, homelessness services, equity) but lacks named specific requirements with numeric scalars like the $29M housing bond.",BORDERLINE: themes are named but no scalar attached.,0.5,adjacent_disagreement
IAA052,hard,boundary:B_implicit_background,MTG36,36_LongBeachCC_11012016,deepseek_temp1_chat,budget_06,run_01,B,1.0,0.0,1.0,1.0,human_adjudication,14213,Agenda-Setting Background / Precipitating Context,True,True,1.0,"Summary provides rich background (repair costs, bond structure, delay request, tidelands concerns, urgency) and connects it directly to the lease approval vote.",,0.0,agreement
IAA053,random,slot_stratified_random,MTG28,28_BostonCC_06292022,deepseek_temp1_chat,budget_06,run_04,B,0.0,0.0,0.0,,judge_agreement,13394,Agenda-Setting Background / Precipitating Context,True,True,1.0,"Summary states background (mayor's veto, prior funding proposals, Lara amendment failure) and connects it to the partial overrides outcome.",,1.0,severe_disagreement
IAA054,hard,gpt_claude_gap_human_matched,MTG48,48_BostonCC_06082022,gemini_2_5_flash_lite,budget_02,run_01,S,1.0,1.0,0.0,1.0,human_adjudication,5011,Shared Concern Synthesis,True,False,0.5,Summary names problem-side concerns ('outcomes and transparency') reaching the topic but lacks specific synthesized content or contrast required by QG.,BORDERLINE: 'outcomes and transparency' is generic; matches PRAC002 pattern.,0.5,adjacent_disagreement
IAA055,hard,gpt_claude_gap_human_matched,MTG39,39_DenverCityCouncil_03102014,deepseek_reasoning,budget_02,run_02,L,1.0,0.5,1.0,1.0,human_adjudication,4002,Concrete Concern,True,True,1.0,"Summary specifies the concrete concern (pedestrian connectivity across Cherry Creek Drive, transportation infrastructure investment need).",,0.0,agreement
IAA056,hard,gpt_claude_gap_human_matched,MTG28,28_BostonCC_06292022,gemini_2_5_flash_lite,budget_06,run_01,N,1.0,1.0,0.0,0.0,human_adjudication,13409,Outcome-Near Condition / Operative Payload,True,False,0.5,"Summary attaches payload (specific funding increases/decreases, fire department equipment) but lacks identifiable numeric scalars connecting to the override payload.",BORDERLINE: no scalar; chose 0.5.,0.5,adjacent_disagreement
IAA057,random,slot_stratified_random,MTG18,18_SeattleCityCouncil_08152016,deepseek_reasoning,budget_03,run_03,S,1.0,1.0,1.0,1.0,judge_agreement,7055,Shared Concern Synthesis,True,True,1.0,"Summary names specific shared concerns (community engagement timing, high cost, symbolism) with enough content to satisfy QG specificity.",,0.0,agreement
IAA058,random,slot_stratified_random,MTG48,48_BostonCC_06082022,deepseek_temp1_chat,budget_02,run_02,O,1.0,1.0,1.0,0.0,human_adjudication,4979,Outcome/Position,True,True,1.0,"Summary states disposition (passed 11-2) tied to a specific acted-on item ($1.33B BPS budget, $17M amendments).",,0.0,agreement
IAA059,hard,human_vs_both,MTG48,48_BostonCC_06082022,gemini_2_5_flash_lite,budget_06,run_01,B,0.5,1.0,0.0,0.0,human_adjudication,15508,Agenda-Setting Background / Precipitating Context,True,True,1.0,"Summary describes background context (transparency/accountability concerns, differing views on spending effectiveness) connected to the budget approval.",BORDERLINE: background is generic; chose 1.0.,0.5,adjacent_disagreement
IAA060,random,slot_stratified_random,MTG7,07_LongBeachCC_06102014,deepseek_reasoning,budget_02,run_03,N,0.0,0.0,0.0,,judge_agreement,648,Outcome-Near Condition / Operative Payload,True,False,0.5,Summary attaches payload (RMD model with budget savings vs service quality trade-off) but lacks specific scalars like the $1.4M savings or staffing change detail.,BORDERLINE: payload is general; chose 0.5.,0.5,adjacent_disagreement
IAA061,random,slot_stratified_random,MTG12,12_KingCountyCC_03212018,gemini_2_5_flash_lite,budget_03,run_03,U,0.5,0.5,0.5,1.0,judge_agreement,6496,Unresolved Tail / Future Return Path,True,False,0.5,Summary identifies pending items (funding and implementation decisions remain) but doesn't specify a handling path for those decisions.,BORDERLINE: handling path implicit; chose 0.5.,0.0,agreement
IAA062,random,slot_stratified_random,MTG49,49_LongBeachCC_09112018,deepseek_reasoning,budget_02,run_05,T,1.0,1.0,1.0,1.0,judge_agreement,5069,Topic/Framing,True,True,1.0,"Summary identifies the subject (renaming the fire training center after Captain Rosa), policy direction (refer to committee), and target.",,0.0,agreement
IAA063,random,slot_stratified_random,MTG16,16_KingCountyCC_06012022,deepseek_temp1_chat,budget_02,run_01,B,0.0,0.0,0.0,,judge_agreement,1613,Agenda-Setting Background / Precipitating Context,True,True,1.0,"Summary states background (deferred for additional data, voter turnout and cost-shift considerations) connected to the charter amendment handling.",,1.0,severe_disagreement
IAA064,random,slot_stratified_random,MTG40,40_DenverCityCouncil_05312016,deepseek_temp1_chat,budget_02,run_04,B,0.0,0.0,0.0,,judge_agreement,4154,Agenda-Setting Background / Precipitating Context,False,False,0.0,"Summary describes BID creation and details (term, exclusions, election requirement) as payload but does not state any prior background context shaping the handling.","BORDERLINE: 'discussion clarified' could imply background, but content is more payload than precipitating context; chose 0.0.",0.0,agreement
IAA065,hard,boundary:budget_U,MTG21,21_SeattleCityCouncil_03192020,gemini_2_5_flash_lite,budget_03,run_04,U,0.5,0.5,0.5,1.0,judge_agreement,7448,Unresolved Tail / Future Return Path,True,False,0.5,Summary identifies the pending item (federal reimbursement for lost revenue) but doesn't describe a handling path for resolving it.,BORDERLINE: handling path absent; chose 0.5.,0.0,agreement
IAA066,hard,human_vs_both,MTG43,43_SeattleCityCouncil_12142015,gemini_2_5_flash_lite,budget_03,run_02,N,0.5,1.0,0.0,1.0,human_adjudication,9741,Outcome-Near Condition / Operative Payload,True,False,0.5,Summary attaches payload (public access and free-speech rights in privately-owned public spaces) but lacks specific named scope or scalar tied to the alley vacation payload.,BORDERLINE: payload is general; chose 0.5.,0.0,agreement
IAA067,hard,gpt_claude_gap_human_matched,MTG33,33_LongBeachCC_01262016,deepseek_temp1_chat,budget_06,run_02,B,1.0,1.0,0.0,1.0,human_adjudication,13905,Agenda-Setting Background / Precipitating Context,True,True,1.0,"Summary states substantive background (eight tax options, $2.8B infrastructure deficit, community input emphasis) connected to the receive-and-file handling.",,0.0,agreement
IAA068,random,slot_stratified_random,MTG21,21_SeattleCityCouncil_03192020,deepseek_reasoning,budget_02,run_04,B,0.0,0.0,0.0,,judge_agreement,2124,Agenda-Setting Background / Precipitating Context,True,False,0.5,"Topic Gate passes under the zero-info-threshold rule: Summary mentions 'nonprofits' which threads to source agenda_connection 'Amendment 1 was connected to ensuring nonprofit organizations, including arts organizations and service providers, could benefit from the relief'. Nonprofit-hardship background item is touched even though COVID framing absent. Quality Gate fails: framing and specificity insufficient for full QG.","Training-aligned upgrade from strict-version 0.0: per zero-info-threshold rule, partial slot content present.",0.5,adjacent_disagreement
IAA069,hard,gpt_claude_gap_human_matched,MTG17,17_DenverCityCouncil_04092018,deepseek_temp1_chat,budget_03,run_01,B,1.0,1.0,0.0,1.0,human_adjudication,6968,Agenda-Setting Background / Precipitating Context,True,True,1.0,"Summary states background context (staff and planning board recommendation, consistency with four city plans) connected to the rezoning approval.",,0.0,agreement
IAA070,random,slot_stratified_random,MTG5,05_LongBeachCC_01192021,deepseek_temp1_chat,budget_06,run_04,N,1.0,1.0,1.0,1.0,judge_agreement,10980,Outcome-Near Condition / Operative Payload,True,True,1.0,"Summary attaches comprehensive payload (phase-in, fee resolution, 120-day report-back, no net loss without 2025 sunset) with named requirements, scope, and numeric scalars.",,0.0,agreement
IAA071,hard,human_vs_both,MTG34,34_LongBeachCC_05112021,gemini_2_5_flash_lite,budget_03,run_03,L,0.5,1.0,0.0,1.0,human_adjudication,8804,Concrete Concern,True,False,0.5,"Topic Gate barely passes via 'delayed by COVID-19' and the implication that the strategic-vision process needed to account for emerging themes. Quality Gate fails: the summary frames items neutrally as 'emerging themes' (housing / public safety / equity) rather than as concrete concerns, and substitutes policy-domain labels for the source-required concern content (basic needs, food, hard-to-reach residents, digital divide, insufficient North Long Beach outreach, government service responsiveness).",Second-author resolution: abstraction-downgrade. 'emerging themes' is neutral framing; specific source concerns dropped.,0.0,agreement
IAA072,hard,human_vs_both,MTG1,01_DenverCityCouncil_09122016,gemini_2_5_flash_lite,budget_06,run_05,S,0.5,1.0,0.0,1.0,human_adjudication,10604,Shared Concern Synthesis,True,True,1.0,"Summary specifies shared concerns (height opposition for CB 563, sun access concerns for Sun Valley rezoning) tied to the rezoning debates.",BORDERLINE: concerns are listed but not explicitly synthesized; chose 1.0 as specific content is present.,0.5,adjacent_disagreement
IAA073,random,slot_stratified_random,MTG1,01_DenverCityCouncil_09122016,deepseek_reasoning,budget_03,run_02,T,1.0,0.5,1.0,1.0,human_adjudication,5258,Topic/Framing,True,True,1.0,"Summary identifies the multiple bills (430, 509, 563), the policy directions (postpone, approve rezoning, pass legislative rezoning), and targets including the community garden impact.",,0.0,agreement
IAA074,hard,boundary:hearing_order_N,MTG27,27_BostonCC_04132022,gemini_2_5_flash_lite,budget_03,run_04,N,0.0,0.0,0.0,,judge_agreement,8075,Outcome-Near Condition / Operative Payload,True,False,0.5,"Summary attaches payload (field house funded by ARPA) with concern areas but lacks specific numeric scalars (e.g., $10 million) or named participant detail.",BORDERLINE: no scalar; chose 0.5.,0.5,adjacent_disagreement
IAA075,hard,human_vs_both,MTG15,15_AlamedaCC_02022016,deepseek_temp1_chat,budget_02,run_01,S,1.0,0.5,0.0,1.0,human_adjudication,1511,Shared Concern Synthesis,True,True,1.0,Summary synthesizes the shared concern theme (change in neighborhood conditions vs. discrimination claims) with specific content.,,0.0,agreement
IAA076,random,slot_stratified_random,MTG26,26_SeattleCityCouncil_07252016,deepseek_temp1_chat,budget_02,run_05,L,0.0,1.0,0.0,,human_adjudication,2693,Concrete Concern,False,False,0.0,"Topic Gate fails: the summary describes only procedural handling (ballot certification, regret about not enacting directly into law) without stating any concrete worker concern (harassment, assault, retaliation, physical harm, health-care access, job insecurity, exploitation) that Initiative 124 addresses. Fits TG_NOT_MATCH exactly.","Second-author downgrade from first-pass 0.5: 'regret' is procedural, not problem-side; no hotel-worker concern content present at all.",0.0,agreement
IAA077,random,slot_stratified_random,MTG19,19_AlamedaCC_12202016,deepseek_reasoning,budget_02,run_03,O,1.0,1.0,1.0,1.0,judge_agreement,1906,Outcome/Position,True,True,1.0,Summary states clear disposition (unanimously directed staff to analyze) tied to a specific acted-on item (sanctuary city policy).,,0.0,agreement
IAA078,hard,gpt_claude_gap_human_matched,MTG36,36_LongBeachCC_11012016,gemini_2_5_flash_lite,budget_06,run_02,U,1.0,1.0,0.0,0.0,human_adjudication,14259,Unresolved Tail / Future Return Path,True,False,0.5,"Topic Gate passes under the zero-info-threshold rule: Summary directly names 'bond issuance' and 'urgent repairs' --- both are explicit source pending_item entries ('bond issuance and debt-service implementation', 'urgent Queen Mary repair work', 'long-term handling of Queen Mary repair needs'). Pending-implementation content is present even if not flagged as pending. Quality Gate fails: framing and specificity insufficient for full QG.","Training-aligned upgrade from strict-version 0.0: per zero-info-threshold rule, partial slot content present.",0.5,adjacent_disagreement
IAA079,hard,boundary:N_scalar_omission,MTG42,42_SeattleCityCouncil_01112016,deepseek_temp1_chat,budget_03,run_04,N,0.5,0.5,0.0,1.0,human_adjudication,9615,Outcome-Near Condition / Operative Payload,True,False,0.5,"Topic Gate passes: 'free speech conditions' amendment is attached to the alley vacation grant. Quality Gate fails: number facet missing (the source-required 24-hours-a-day public-access requirement is dropped), and scope boundary is only partially expressed.",Second-author resolution: abstraction-downgrade. 24-hour scalar is a core operative term that the summary omits.,0.0,agreement
IAA080,hard,gpt_claude_gap_human_matched,MTG42,42_SeattleCityCouncil_01112016,deepseek_temp1_chat,budget_03,run_02,L,0.5,0.5,0.0,1.0,human_adjudication,9602,Concrete Concern,True,True,1.0,"Summary specifies concrete concerns (free-speech protections need, labor practices, public benefits adequacy) with named details.",,0.5,adjacent_disagreement
IAA081,hard,human_vs_both,MTG17,17_DenverCityCouncil_04092018,deepseek_temp1_chat,budget_06,run_02,S,1.0,0.5,0.0,1.0,human_adjudication,12228,Shared Concern Synthesis,True,False,0.5,"Topic Gate passes under the zero-info-threshold rule: Summary names 'aging affordable housing', 'mixed-income units', and 'need for affordable housing' --- these match the source concern_theme 'preserving and deepening affordable/mixed-income housing'. Affordability-preservation thread is present (framed as benefit rather than concern). Quality Gate fails: framing and specificity insufficient for full QG.","Training-aligned upgrade from strict-version 0.0: per zero-info-threshold rule, partial slot content present.",0.5,adjacent_disagreement
IAA082,hard,human_vs_both,MTG31,31_LongBeachCC_03222016,deepseek_temp1_chat,budget_06,run_03,U,0.5,1.0,0.0,1.0,human_adjudication,13706,Unresolved Tail / Future Return Path,True,True,1.0,Summary identifies the pending work (30-day independent review) and the handling path (review of procurement process).,"BORDERLINE: vote is concluded, but the review itself is the pending tail; chose 1.0 because both facets are visible.",0.5,adjacent_disagreement
IAA083,hard,boundary:N_scalar_omission,MTG7,07_LongBeachCC_06102014,gemini_2_5_flash_lite,budget_06,run_04,N,0.5,0.5,0.0,1.0,human_adjudication,11225,Outcome-Near Condition / Operative Payload,True,False,0.5,"Summary attaches payload (financial savings, sworn firefighter replacement with non-sworn) but lacks specific numeric scalar (e.g., $1.4M, 2 paramedics replaced).",BORDERLINE: no scalar; chose 0.5.,0.0,agreement
IAA084,hard,human_vs_both,MTG40,40_DenverCityCouncil_05312016,gemini_2_5_flash_lite,budget_06,run_02,U,1.0,0.0,0.5,0.0,human_adjudication,14679,Unresolved Tail / Future Return Path,True,True,1.0,Summary identifies the pending item (district approval) and the handling path (final consideration plus November election by eligible voters).,,0.0,agreement
IAA085,random,slot_stratified_random,MTG35,35_AlamedaCC_12062016,gemini_2_5_flash_lite,budget_06,run_02,L,1.0,1.0,1.0,1.0,judge_agreement,14152,Concrete Concern,True,True,1.0,"Summary specifies concrete concerns (misleading campaign tactics, unidentifiable election mailers) tied to the council action.",,0.0,agreement
IAA086,random,slot_stratified_random,MTG38,38_DenverCityCouncil_02142022,deepseek_reasoning,budget_06,run_02,L,0.0,0.0,0.0,,judge_agreement,14397,Concrete Concern,True,False,0.5,Topic Gate passes under the zero-info-threshold rule: Summary names 'neighborhood advocacy' and 'lasting influence' which thread to source obstacle_content 'Loss of Larry Ambrose as a neighborhood and citywide civic advocate'. The civic-voice/advocacy theme that is the lost item is named (celebratory framing but slot content threads are present). Quality Gate fails: framing and specificity insufficient for full QG.,"Training-aligned upgrade from strict-version 0.0: per zero-info-threshold rule, partial slot content present.",0.5,adjacent_disagreement
IAA087,hard,gpt_claude_gap_human_matched,MTG5,05_LongBeachCC_01192021,gemini_2_5_flash_lite,budget_03,run_05,L,1.0,0.0,1.0,1.0,human_adjudication,5773,Concrete Concern,True,True,1.0,"Summary specifies concrete concerns (affordability requirements strengthening, eliminating phase-in periods) tied to the ordinance review.",,0.0,agreement
IAA088,random,slot_stratified_random,MTG41,41_SeattleCityCouncil_11212016,deepseek_temp1_chat,budget_02,run_01,S,0.0,0.0,0.0,,judge_agreement,4241,Shared Concern Synthesis,True,False,0.5,"Topic Gate passes under the zero-info-threshold rule: the summary mentions '$29 million in housing bonds', which the source's QG_MATCH explicitly lists as part of the concern content ('the $29 million housing bond as a crisis-driven response'). Quality Gate fails: the housing bond is framed only as a funded payload and 'councilmembers' priorities' is generic; no recurring problem-side concern theme (homelessness, vulnerable communities, affordable housing crisis) is synthesized.","Second-author revision: per zero-info-threshold rule, $29M housing bond is in source concern_content so the floor is 0.5, not 0.0. Framing remains solution-side.",0.5,adjacent_disagreement
IAA089,random,slot_stratified_random,MTG43,43_SeattleCityCouncil_12142015,deepseek_reasoning,budget_03,run_01,N,1.0,1.0,1.0,1.0,judge_agreement,9664,Outcome-Near Condition / Operative Payload,True,False,0.5,"Topic Gate passes: free-speech amendment and public-access rules attached to the alley-vacation item. Quality Gate fails on substantive payload content: while procedural numerics ('4-4', 'insufficient suspension vote', 'January 11') technically appear, the summary drops the source's core payload scalars (23-story tower, 8-story office, 27,000/28,000 sqft open space, November 3 2015 SDOT letter) and the substantive amendment terms (24-hour access, signage, non-obstruction, specific free-speech activities) entirely.",Second-author resolution: abstraction-downgrade. Summary covers procedural facts only; the substantive payload content of the slot is absent.,0.5,adjacent_disagreement
IAA090,hard,gpt_claude_gap_human_matched,MTG6,06_DenverCityCouncil_09252017,deepseek_reasoning,budget_03,run_03,S,0.5,0.5,0.0,1.0,human_adjudication,5795,Shared Concern Synthesis,True,False,0.5,Topic Gate passes under the zero-info-threshold rule: Summary names 'council's difficult work' which directly mirrors source concern_theme 'Council members repeatedly emphasized their dependence on Broadwell's legal and institutional guidance to handle difficult Council work responsibly'. The 'difficult work' anchor is present (thin but explicit). Quality Gate fails: framing and specificity insufficient for full QG.,"Training-aligned upgrade from strict-version 0.0: per zero-info-threshold rule, partial slot content present.",0.0,agreement
IAA091,random,slot_stratified_random,MTG26,26_SeattleCityCouncil_07252016,deepseek_temp1_chat,budget_06,run_01,T,1.0,1.0,1.0,1.0,judge_agreement,13161,Topic/Framing,True,True,1.0,"Summary identifies Initiative 124, the policy direction (ballot placement), and target (hotel employees' panic buttons, workload limits, health coverage).",,0.0,agreement
IAA092,random,slot_stratified_random,MTG31,31_LongBeachCC_03222016,deepseek_reasoning,budget_06,run_03,U,1.0,1.0,1.0,0.0,human_adjudication,13671,Unresolved Tail / Future Return Path,True,True,1.0,"Summary identifies pending items (review findings by June 14th, contract decision) and the handling path (city attorney selecting firm, interim negotiations).",,0.0,agreement
IAA093,random,slot_stratified_random,MTG29,29_BostonCC_05182022,gemini_2_5_flash_lite,budget_06,run_05,S,1.0,1.0,1.0,1.0,judge_agreement,13544,Shared Concern Synthesis,True,True,1.0,"Summary synthesizes shared concerns (state's poor track record, central office failures, resolution-as-distraction) with specific content.",,0.0,agreement
IAA094,hard,human_vs_both,MTG19,19_AlamedaCC_12202016,gemini_2_5_flash_lite,budget_02,run_02,B,0.5,1.0,0.0,1.0,human_adjudication,1970,Agenda-Setting Background / Precipitating Context,True,True,1.0,"Summary states background concerns (immigrants, public safety, legal ramifications) connected to the analysis referral.",BORDERLINE: 'discussion included' is thin; chose 1.0.,0.5,adjacent_disagreement
IAA095,hard,gpt_claude_gap_human_matched,MTG34,34_LongBeachCC_05112021,gemini_2_5_flash_lite,budget_02,run_01,B,1.0,1.0,0.5,1.0,human_adjudication,3538,Agenda-Setting Background / Precipitating Context,True,True,1.0,Summary states background context (efforts delayed by COVID-19) connected to the current update and future sessions.,,0.0,agreement
IAA096,hard,human_vs_both,MTG10,10_AlamedaCC_09212021,deepseek_temp1_chat,budget_03,run_01,B,1.0,0.0,0.5,1.0,human_adjudication,6233,Agenda-Setting Background / Precipitating Context,True,True,1.0,"Summary states background (mayor's delay proposal, public comment) and connects it to the body's decision to approve immediately.",,0.0,agreement
IAA097,random,slot_stratified_random,MTG36,36_LongBeachCC_11012016,deepseek_reasoning,budget_03,run_03,L,1.0,1.0,1.0,1.0,judge_agreement,8944,Concrete Concern,True,True,1.0,"Summary specifies concrete concerns (pledging tidelands revenues, long-term infrastructure costs) tied to the lease decision.",,0.0,agreement
IAA098,hard,boundary:budget_U,MTG33,33_LongBeachCC_01262016,deepseek_temp1_chat,budget_03,run_03,U,0.5,0.5,0.5,1.0,judge_agreement,8666,Unresolved Tail / Future Return Path,True,False,0.5,Summary identifies the pending item (ballot measure decisions) but does not specify the handling path for those decisions.,BORDERLINE: handling path absent; chose 0.5.,0.0,agreement
IAA099,random,slot_stratified_random,MTG30,30_DenverCityCouncil_09232019,deepseek_temp1_chat,budget_02,run_03,S,1.0,1.0,1.0,1.0,judge_agreement,3100,Shared Concern Synthesis,True,True,1.0,"Summary synthesizes shared concerns (transportation use, community opposition, good-neighbor agreement enforcement) with specific content.",,0.0,agreement
IAA100,random,slot_stratified_random,MTG32,32_AlamedaCC_02212017,gemini_2_5_flash_lite,budget_03,run_01,B,0.5,0.5,1.0,1.0,human_adjudication,8578,Agenda-Setting Background / Precipitating Context,True,True,1.0,Summary states background (public comment urging divestment over Wells Fargo's practices) connected to the council's exclusion and pause votes.,,0.5,adjacent_disagreement
IAA101,hard,gpt_claude_gap_human_matched,MTG49,49_LongBeachCC_09112018,deepseek_reasoning,budget_03,run_01,B,1.0,1.0,0.0,0.0,human_adjudication,10293,Agenda-Setting Background / Precipitating Context,True,False,0.5,"Topic Gate passes under the zero-info-threshold rule: Summary names 'Captain Rosa', 'his sacrifice', and 'service' --- these thread to source trigger_condition 'Captain David Rosa died tragically on June 25' and 'Captain Rosa's contributions to the Long Beach Fire Department, the training center, and the training staff'. Background (death, service) is explicitly named even if not framed as precipitating. Quality Gate fails: framing and specificity insufficient for full QG.","Training-aligned upgrade from strict-version 0.0: per zero-info-threshold rule, partial slot content present.",0.5,adjacent_disagreement
IAA102,random,slot_stratified_random,MTG39,39_DenverCityCouncil_03102014,deepseek_temp1_chat,budget_03,run_04,L,1.0,0.5,1.0,1.0,human_adjudication,9301,Concrete Concern,True,True,1.0,"Summary states background (Planning Board recommendation, plan alignment, transportation investment note) connected to the rezoning approval.",,0.0,agreement
IAA103,random,slot_stratified_random,MTG3,03_DenverCityCouncil_03142022,gemini_2_5_flash_lite,budget_03,run_04,B,0.0,0.0,0.0,,judge_agreement,5554,Agenda-Setting Background / Precipitating Context,True,True,1.0,"Summary states background context (three affordable housing options, concerns about developer contribution) connected to the rezoning discussion.",,1.0,severe_disagreement
IAA104,hard,human_vs_both,MTG7,07_LongBeachCC_06102014,deepseek_reasoning,budget_02,run_02,N,0.5,1.0,0.0,0.0,human_adjudication,641,Outcome-Near Condition / Operative Payload,True,False,0.5,"Summary attaches payload (financial savings, reduced sworn staffing, county pilot constraints) but lacks specific numeric scalars tied to the model payload.",BORDERLINE: no scalar; chose 0.5.,0.0,agreement
IAA105,hard,human_vs_both,MTG31,31_LongBeachCC_03222016,deepseek_reasoning,budget_06,run_03,S,1.0,0.5,0.0,1.0,human_adjudication,13670,Shared Concern Synthesis,True,False,0.5,Summary describes the procedural debate but does not synthesize a recurring shared concern theme with contrast content; it's mostly action-side narration.,BORDERLINE: process integrity is implicit concern; chose 0.5.,0.5,adjacent_disagreement
IAA106,random,slot_stratified_random,MTG40,40_DenverCityCouncil_05312016,deepseek_reasoning,budget_06,run_05,N,1.0,1.0,1.0,1.0,judge_agreement,14627,Outcome-Near Condition / Operative Payload,True,True,1.0,"Summary attaches comprehensive payload (11 blocks Welton Avenue, ten-mill commercial levy, exemptions, November 2016 election, ten-year term, $300M planned development) with named requirements, scope, and scalars.",,0.0,agreement
IAA107,hard,human_vs_both,MTG36,36_LongBeachCC_11012016,gemini_2_5_flash_lite,budget_03,run_01,U,1.0,0.5,0.0,1.0,human_adjudication,9002,Unresolved Tail / Future Return Path,True,False,0.5,"Summary identifies pending items (financial risk, long-term repair responsibilities) but does not specify a handling path for resolving them.",BORDERLINE: handling path absent; chose 0.5.,0.5,adjacent_disagreement
IAA108,random,slot_stratified_random,MTG41,41_SeattleCityCouncil_11212016,deepseek_temp1_chat,budget_03,run_04,O,1.0,1.0,1.0,1.0,judge_agreement,9508,Outcome/Position,True,True,1.0,"Summary states disposition (approved 8-1) tied to a specific acted-on item (2017-2018 budget, capital plan, $29M housing bond).",,0.0,agreement
IAA109,hard,human_vs_both,MTG37,37_AlamedaCC_03302021,gemini_2_5_flash_lite,budget_02,run_05,U,1.0,0.5,0.0,1.0,human_adjudication,3885,Unresolved Tail / Future Return Path,True,True,1.0,Summary identifies the pending item (further policy review) and visible handling path (Berkeley-modeled policy with further review).,,0.0,agreement
IAA110,hard,gpt_claude_gap_human_matched,MTG20,20_SeattleCityCouncil_08092021,gemini_2_5_flash_lite,budget_03,run_04,N,0.5,0.5,1.0,1.0,human_adjudication,7340,Outcome-Near Condition / Operative Payload,True,False,0.5,"Summary attaches payload (urging housing funding, future budget consideration) with scope (New Hope/affordable housing) but lacks specific numeric scalar tied to payload.",BORDERLINE: no scalar; chose 0.5.,0.0,agreement
IAA111,random,slot_stratified_random,MTG47,47_SeattleCityCouncil_05022016,gemini_2_5_flash_lite,budget_06,run_04,O,1.0,1.0,1.0,1.0,judge_agreement,15423,Outcome/Position,True,True,1.0,"Summary states dispositions (multiple amendments passed/failed, petition to vacate failed) tied to specifically identified items.",,0.0,agreement
IAA112,hard,gpt_claude_gap_human_matched,MTG3,03_DenverCityCouncil_03142022,deepseek_reasoning,budget_06,run_05,B,1.0,1.0,0.0,1.0,human_adjudication,10741,Agenda-Setting Background / Precipitating Context,True,True,1.0,"Summary states extensive background (consistency with plans, equity analysis, three affordable housing options, on-site/off-site debate, no public opposition) connected to the rezoning passage.",,0.0,agreement
IAA113,random,slot_stratified_random,MTG10,10_AlamedaCC_09212021,gemini_2_5_flash_lite,budget_02,run_02,T,1.0,0.5,1.0,1.0,human_adjudication,1023,Topic/Framing,True,True,1.0,"Summary identifies the subject (mental health crisis pilot), the policy direction (authorize $500K pilot with AFS), and the target (24/7 on-call clinician response with first responder collaboration).",,0.0,agreement
IAA114,random,slot_stratified_random,MTG29,29_BostonCC_05182022,deepseek_reasoning,budget_06,run_05,O,1.0,1.0,1.0,1.0,judge_agreement,13470,Outcome/Position,True,True,1.0,Summary states disposition (resolution passed) tied to a specific acted-on item (resolution opposing state receivership for BPS).,,0.0,agreement
IAA115,hard,human_vs_both,MTG15,15_AlamedaCC_02022016,deepseek_reasoning,budget_02,run_04,N,0.5,1.0,0.0,1.0,human_adjudication,1495,Outcome-Near Condition / Operative Payload,True,False,0.5,"Topic Gate passes: permit payload (beer and wine, 1716 Webster Street) attached. Quality Gate fails: number facet has only the '2-2' vote tally — the source's 1995/2012 history, 2pm/11pm/midnight hour candidates, and $1M investment are all dropped; no operating-hour or date_cutoff is attached to the payload.",Second-author resolution: abstraction-downgrade. Mirrors IAA016 pattern; substantive scalars/time boundaries all omitted.,0.0,agreement
IAA116,hard,gpt_claude_gap_human_matched,MTG46,46_BostonCC_03162022,deepseek_temp1_chat,budget_02,run_03,T,1.0,0.5,1.0,1.0,human_adjudication,4775,Topic / Framing,True,True,1.0,"Summary identifies the subject (cannabis licensing/ZBA role), policy direction (hearing order to committee for review), and target (equity applicants, buffer zone, ZBA).",,0.0,agreement
IAA117,hard,human_vs_both,MTG44,44_SeattleCityCouncil_11232020,deepseek_temp1_chat,budget_03,run_02,B,1.0,0.5,0.0,1.0,human_adjudication,9810,Agenda-Setting Background / Precipitating Context,True,True,1.0,"Summary states background (Jumpstart tax coalition defense, austerity critique) connected to the 2021 budget passage.",,0.0,agreement
IAA118,hard,human_vs_both,MTG39,39_DenverCityCouncil_03102014,deepseek_reasoning,budget_03,run_01,B,1.0,0.0,0.5,1.0,human_adjudication,9243,Agenda-Setting Background / Precipitating Context,True,True,1.0,"Summary states background (Cherry Creek Area Plan alignment, pedestrian connectivity, senior housing) connected to the unanimous rezoning passage.",BORDERLINE: 'discussion focused on' is brief; chose 1.0 because alignment with plans is a recognizable background marker.,0.0,agreement
IAA119,hard,human_vs_both,MTG29,29_BostonCC_05182022,gemini_2_5_flash_lite,budget_03,run_01,N,0.5,0.0,1.0,1.0,human_adjudication,8264,Outcome-Near Condition / Operative Payload,True,True,1.0,Topic Gate passes: opposition to state receivership directly attached to the Council action. Quality Gate passes both required facets: named_requirement ('strongly opposed state receivership') and scope_boundary ('Boston Public Schools'). This slot variant does not require number or date_cutoff facets.,Second-author upgrade from first-pass 0.5: number facet was not in this case's QG label set; first pass mistakenly required it (same pattern as IAA039).,0.5,adjacent_disagreement
IAA120,hard,gpt_claude_gap_human_matched,MTG18,18_SeattleCityCouncil_08152016,gemini_2_5_flash_lite,budget_03,run_01,S,1.0,1.0,0.0,1.0,human_adjudication,7111,Shared Concern Synthesis,True,False,0.5,"Summary touches the concern theme (timing, community input, budget decisions) but doesn't synthesize the specific recurring concern content with sufficient contrast.",BORDERLINE: themes are listed without synthesized framing; chose 0.5.,0.5,adjacent_disagreement
IAA121,hard,human_vs_both,MTG16,16_KingCountyCC_06012022,gemini_2_5_flash_lite,budget_06,run_01,N,1.0,0.5,0.0,1.0,human_adjudication,12149,Outcome-Near Condition / Operative Payload,True,True,1.0,"Summary attaches payload (alignment with state/federal cycles, turnout increase aim, ballot length concerns) with named requirements, scope, and a deferral date scalar.",,0.0,agreement
IAA122,hard,gpt_claude_gap_human_matched,MTG15,15_AlamedaCC_02022016,deepseek_temp1_chat,budget_06,run_05,T,1.0,0.5,1.0,1.0,human_adjudication,12034,Topic/Framing,True,True,1.0,"Summary identifies the subject (beer/wine permit and alcohol saturation findings), the policy direction (uphold or approve), and the target (planning board denial of the gas station permit).",,0.0,agreement
IAA123,random,slot_stratified_random,MTG44,44_SeattleCityCouncil_11232020,gemini_2_5_flash_lite,budget_06,run_04,S,0.0,0.0,0.0,,judge_agreement,15112,Shared Concern Synthesis,True,True,1.0,"Summary identifies shared concern themes (public safety, community services, housing, climate, renter protections) with specific content.",BORDERLINE: themes are listed broadly without explicit synthesis; chose 1.0 due to specific content.,1.0,severe_disagreement
IAA124,random,slot_stratified_random,MTG28,28_BostonCC_06292022,gemini_2_5_flash_lite,budget_03,run_05,S,0.0,0.0,0.0,,judge_agreement,8189,Shared Concern Synthesis,True,True,1.0,"Summary synthesizes the shared concern (funding increases versus decreases, particularly fire department) with specific content.",BORDERLINE: synthesis is implicit but contrast and named target satisfy QG.,1.0,severe_disagreement
IAA125,hard,human_vs_both,MTG7,07_LongBeachCC_06102014,deepseek_reasoning,budget_02,run_01,B,0.5,1.0,0.0,1.0,human_adjudication,633,Agenda-Setting Background / Precipitating Context,True,True,1.0,"Summary states background (prior authorization in place, public testimony opposed cuts) connected to the tied-vote outcome.",,0.5,adjacent_disagreement
IAA126,random,slot_stratified_random,MTG6,06_DenverCityCouncil_09252017,gemini_2_5_flash_lite,budget_03,run_01,O,1.0,1.0,1.0,1.0,judge_agreement,5847,Outcome/Position,True,True,1.0,Summary states disposition (council adopted proclamation) tied to a specifically identified item (proclamation honoring Broadwell for 18 years of legal service).,,0.0,agreement
IAA127,random,slot_stratified_random,MTG8,08_DenverCityCouncil_04132015,deepseek_temp1_chat,budget_06,run_02,U,1.0,1.0,1.0,1.0,judge_agreement,11284,Unresolved Tail / Future Return Path,True,True,1.0,Summary identifies the pending item (safety committee update on domestic violence facility) and a visible handling path (request for future update).,,0.0,agreement
IAA128,random,slot_stratified_random,MTG23,23_AlamedaCC_11032015,gemini_2_5_flash_lite,budget_03,run_03,N,1.0,1.0,0.0,1.0,human_adjudication,7648,Outcome-Near Condition / Operative Payload,True,False,0.5,"Summary attaches payload (lease and option to purchase Building 23 with Nortel Energy) with scope but lacks specific numeric scalar (e.g., $10M tenant investment) tied to the payload.",BORDERLINE: no scalar; chose 0.5.,0.5,adjacent_disagreement
IAA129,random,slot_stratified_random,MTG1,01_DenverCityCouncil_09122016,deepseek_reasoning,budget_03,run_03,S,1.0,1.0,1.0,1.0,judge_agreement,5270,Shared Concern Synthesis,True,True,1.0,Summary synthesizes shared concern (growth goals vs protecting nonprofit's urban farm from shading) with specific contrast content.,,0.0,agreement
IAA130,hard,human_vs_both,MTG12,12_KingCountyCC_03212018,deepseek_reasoning,budget_03,run_05,S,1.0,0.5,0.0,1.0,human_adjudication,6439,Shared Concern Synthesis,True,False,0.5,Summary mentions 'past tensions' resolved through collaboration but doesn't specify the substantive content of those tensions.,BORDERLINE: 'past tensions' is generic; chose 0.5 per PRAC002 pattern.,0.5,adjacent_disagreement
IAA131,random,slot_stratified_random,MTG10,10_AlamedaCC_09212021,deepseek_temp1_chat,budget_02,run_03,N,1.0,1.0,1.0,1.0,judge_agreement,998,Outcome-Near Condition / Operative Payload,True,True,1.0,"Summary attaches payload ($500K one-year pilot with AFS for mental health crisis response) with named requirement, scope, and numeric scalar.",,0.0,agreement
IAA132,hard,human_vs_both,MTG25,25_AlamedaCC_12172019,gemini_2_5_flash_lite,budget_02,run_05,B,0.5,0.0,1.0,1.0,human_adjudication,2621,Agenda-Setting Background / Precipitating Context,True,True,1.0,"Summary states background (public urging total ban, policy-vs-ordinance debate) connected to the policy consideration.",,0.5,adjacent_disagreement
IAA133,random,slot_stratified_random,MTG20,20_SeattleCityCouncil_08092021,deepseek_temp1_chat,budget_02,run_03,B,1.0,1.0,1.0,1.0,judge_agreement,2047,Agenda-Setting Background / Precipitating Context,True,True,1.0,Summary states the nonbinding-nature clarification as background context connected to the resolution's adoption and the budget-advocacy path.,BORDERLINE: background framing is thin; chose 1.0.,0.0,agreement
IAA134,hard,boundary:budget_U,MTG25,25_AlamedaCC_12172019,deepseek_reasoning,budget_06,run_03,U,0.0,0.0,0.0,,judge_agreement,13041,Unresolved Tail / Future Return Path,True,True,1.0,Summary identifies the pending item (surveillance ordinance) and the handling path (staff directed to return with ordinances using SF model).,,1.0,severe_disagreement
IAA135,hard,boundary:hearing_order_N,MTG46,46_BostonCC_03162022,deepseek_temp1_chat,budget_06,run_03,N,1.0,1.0,1.0,1.0,judge_agreement,15278,Outcome-Near Condition / Operative Payload,True,True,1.0,"Summary attaches payload (remove ZBA approval, half-mile buffer zone, BCB inconsistencies) with named requirements, scope, and a numeric scalar (half-mile buffer).",,0.0,agreement
IAA136,hard,gpt_claude_gap_human_matched,MTG13,13_LongBeachCC_03102015,gemini_2_5_flash_lite,budget_06,run_03,O,0.0,1.0,0.0,,human_adjudication,11846,Outcome/Position,True,False,0.5,"Topic Gate passes under the zero-info-threshold rule: Summary identifies the acted-on item substantively ('mandatory spay-neuter ordinance', 'restricts pet shop sales to shelter-sourced animals', 'amendments') matching source acted_on_item ('Ordinance amending Title 6 concerning mandatory spay/neuter and retail pet-sale restrictions', 'Friendly amendment'). Acted-on-item identification thread is present even though disposition verb is missing. Quality Gate fails: framing and specificity insufficient for full QG.","Training-aligned upgrade from strict-version 0.0: per zero-info-threshold rule, partial slot content present.",0.5,adjacent_disagreement
IAA137,random,slot_stratified_random,MTG46,46_BostonCC_03162022,deepseek_temp1_chat,budget_02,run_02,O,0.0,0.0,0.0,,judge_agreement,4769,Outcome / Position,True,False,0.5,Topic Gate passes under the zero-info-threshold rule: Summary references 'a hearing to review the full approval process' and ZBA --- threads to source acted_on_item 'Hearing order on regulation and siting of cannabis establishments in Boston and the ZBA's role'. Acted-on-item content is present even though no disposition verb is used. Quality Gate fails: framing and specificity insufficient for full QG.,"Training-aligned upgrade from strict-version 0.0: per zero-info-threshold rule, partial slot content present.",0.5,adjacent_disagreement
IAA138,random,slot_stratified_random,MTG50,50_AlamedaCC_04072015,deepseek_temp1_chat,budget_02,run_03,U,1.0,1.0,1.0,1.0,judge_agreement,5201,Unresolved Tail / Future Return Path,True,True,1.0,Summary identifies the pending item (ballot language) and the handling path (staff to prepare for a later vote).,,0.0,agreement
IAA139,random,slot_stratified_random,MTG20,20_SeattleCityCouncil_08092021,gemini_2_5_flash_lite,budget_02,run_03,L,1.0,1.0,1.0,1.0,judge_agreement,2084,Concrete Concern,True,True,1.0,"Summary specifies concrete concerns (historical injustices, progressive taxation need, community-driven housing) tied to the resolution.",,0.0,agreement
IAA140,random,slot_stratified_random,MTG43,43_SeattleCityCouncil_12142015,deepseek_reasoning,budget_06,run_01,U,1.0,1.0,1.0,1.0,judge_agreement,14917,Unresolved Tail / Future Return Path,True,True,1.0,Summary identifies the pending item (final council action on the alley vacation) and visible handling path (held until January 11).,,0.0,agreement
IAA141,random,slot_stratified_random,MTG46,46_BostonCC_03162022,deepseek_temp1_chat,budget_02,run_05,U,0.0,0.0,0.0,,judge_agreement,4795,Unresolved Tail / Future Return Path,True,False,0.5,"Topic Gate passes under the zero-info-threshold rule: Summary names 'empowering the Boston Cannabis Board' and 'half-mile buffer zone' --- these are explicit source pending_item content ('the ZBA/BCB relationship, the half-mile buffer review'). Pending-substance content is present even without an explicit pendingness marker. Quality Gate fails: framing and specificity insufficient for full QG.","Training-aligned upgrade from strict-version 0.0: per zero-info-threshold rule, partial slot content present.",0.5,adjacent_disagreement
IAA142,random,slot_stratified_random,MTG12,12_KingCountyCC_03212018,deepseek_reasoning,budget_02,run_02,O,1.0,1.0,1.0,0.0,judge_agreement,1164,Outcome/Position,True,True,1.0,Summary states disposition (unanimously approved) tied to specifically identified items (E911 strategic plan and regional advisory governing board).,,0.0,agreement
IAA143,random,slot_stratified_random,MTG13,13_LongBeachCC_03102015,deepseek_temp1_chat,budget_03,run_03,B,0.0,0.0,0.0,,judge_agreement,6562,Agenda-Setting Background / Precipitating Context,True,True,1.0,"Summary states background (grandfather clause proposal, enforcement burden, shelter euthanasia rationale) connected to the ordinance adoption.",,1.0,severe_disagreement
IAA144,hard,gpt_claude_gap_human_matched,MTG45,45_BostonCC_02022022,deepseek_temp1_chat,budget_02,run_04,B,1.0,1.0,0.0,1.0,human_adjudication,4679,Agenda-Setting Background / Precipitating Context,True,True,1.0,Summary states background (collective bargaining vs public health necessity debate) connected to the referral handling.,,0.0,agreement
IAA145,hard,gpt_claude_gap_human_matched,MTG23,23_AlamedaCC_11032015,deepseek_reasoning,budget_03,run_05,L,1.0,0.0,1.0,1.0,human_adjudication,7593,Concrete Concern,True,True,1.0,Summary specifies the concrete concern (container aesthetics for temporary structures) tied to the lease/purchase discussion.,BORDERLINE: aesthetics is a thin concern; chose 1.0 as it's a specific named concern.,0.0,agreement
IAA146,hard,human_vs_both,MTG3,03_DenverCityCouncil_03142022,gemini_2_5_flash_lite,budget_02,run_02,S,1.0,0.5,0.0,1.0,human_adjudication,293,Shared Concern Synthesis,True,False,0.5,"Topic Gate passes via 'affordable housing concerns' as problem-side language. Quality Gate fails: the summary uses umbrella terms ('agreement specifics', 'potential public financing') instead of the source's specific concern content (scarcity of restricted affordable housing, off-site tax-credit projects shifting subsidy vs producing net new units, delivery safeguards).",Second-author resolution: abstraction-downgrade. Generic 'concerns/specifics/financing' phrasing drops the identifiable contrast the QG asks for.,0.5,adjacent_disagreement
IAA147,random,slot_stratified_random,MTG11,11_DenverCityCouncil_12192016,gemini_2_5_flash_lite,budget_03,run_05,U,0.0,0.0,0.0,,judge_agreement,6405,Unresolved Tail / Future Return Path,False,False,0.0,Summary describes concerns raised but does not state a future-facing pending item or return path after the council action.,"BORDERLINE: concerns suggest unresolved issues, but no explicit pending marker; chose 0.0.",0.0,agreement
IAA148,hard,human_vs_both,MTG26,26_SeattleCityCouncil_07252016,deepseek_temp1_chat,budget_02,run_02,L,0.5,1.0,0.0,,human_adjudication,2672,Concrete Concern,True,True,1.0,"Summary specifies concrete concerns (health and safety standards for hotel employees, procedural constraint preventing direct adoption) tied to the initiative.",,0.5,adjacent_disagreement
IAA149,random,slot_stratified_random,MTG15,15_AlamedaCC_02022016,gemini_2_5_flash_lite,budget_06,run_03,L,1.0,1.0,1.0,1.0,judge_agreement,12059,Concrete Concern,True,True,1.0,"Summary specifies concrete concerns (alcohol-related nuisances, overconcentration, inconsistency with other licenses) tied to the permit review.",,0.0,agreement
IAA150,random,slot_stratified_random,MTG42,42_SeattleCityCouncil_01112016,deepseek_reasoning,budget_02,run_04,U,0.5,0.5,0.5,1.0,judge_agreement,4333,Unresolved Tail / Future Return Path,True,False,0.5,"Summary identifies pending items (ongoing labor disputes, public benefit policies) but doesn't specify a handling path for resolution.",BORDERLINE: handling path absent; chose 0.5.,0.0,agreement
IAA151,hard,boundary:dense_technical_segment,MTG48,48_BostonCC_06082022,deepseek_temp1_chat,budget_06,run_04,L,1.0,1.0,1.0,1.0,judge_agreement,15496,Concrete Concern,True,True,1.0,"Summary specifies concrete concerns (declining enrollment, low literacy rates, insufficient mental health support) tied to the BPS budget debate.",,0.0,agreement
IAA152,random,slot_stratified_random,MTG42,42_SeattleCityCouncil_01112016,gemini_2_5_flash_lite,budget_02,run_02,O,1.0,1.0,1.0,1.0,judge_agreement,4384,Outcome/Position,True,True,1.0,Summary states disposition (granted petition with conditions) tied to specifically identified item (alley vacation with free-speech amendment).,,0.0,agreement
IAA153,random,slot_stratified_random,MTG9,09_AlamedaCC_04292015,deepseek_reasoning,budget_06,run_04,S,0.0,0.0,0.0,,judge_agreement,11367,Shared Concern Synthesis,True,False,0.5,"Topic Gate passes under the zero-info-threshold rule: summary mentions community input mechanisms (surveys, town halls) and candidate diversity, which appear in the source's concern_content list. Quality Gate fails: these are framed as Council 'interests' and procedural questions, not as a recurring problem-side concern theme; the Alameda-specific-vs-generic contrast is absent.","Second-author revision: per zero-info-threshold rule, partial content overlap (surveys/town halls/diversity) keeps the floor at 0.5; first pass 1.0 still too generous because framing is solution-side.",0.5,adjacent_disagreement
IAA154,hard,boundary:memorial_tribute_LS,MTG35,35_AlamedaCC_12062016,deepseek_reasoning,budget_02,run_03,S,0.0,0.0,0.0,,judge_agreement,3590,Shared Concern Synthesis,True,True,1.0,"Topic Gate passes: 'unidentifiable 2016 election mailers' directly matches the source-concealment problem-side theme in TG_MATCH ('hidden, undisclosed, unattributed, or unidentifiable campaign communications'). Quality Gate passes: 'unidentifiable' specifies source concealment / lack of sender identification, which is the first item in the QG match list.","Second-author upgrade from first-pass 0.0: first pass appears to have applied slot-U pending-item logic by mistake; for slot S, the unidentifiable-mailer phrase is a direct match for both gates.",1.0,severe_disagreement
IAA155,hard,human_vs_both,MTG7,07_LongBeachCC_06102014,deepseek_temp1_chat,budget_02,run_04,U,1.0,0.0,0.5,1.0,human_adjudication,693,Unresolved Tail / Future Return Path,True,False,0.5,Topic Gate passes under the zero-info-threshold rule: Summary states 'leaving the prior directive to proceed in place' which directly matches source handling_path 'Prior authorization allowed implementation to move forward as previously directed unless later Council action changed it'. The prior-authorization-standing thread is present. Quality Gate fails: framing and specificity insufficient for full QG.,"Training-aligned upgrade from strict-version 0.0: per zero-info-threshold rule, partial slot content present.",0.5,adjacent_disagreement
IAA156,random,slot_stratified_random,MTG34,34_LongBeachCC_05112021,gemini_2_5_flash_lite,budget_03,run_02,U,1.0,1.0,1.0,1.0,judge_agreement,8799,Unresolved Tail / Future Return Path,True,True,1.0,Summary identifies the pending item (draft action agenda) and handling path (future community engagement and council review).,,0.0,agreement
IAA157,random,slot_stratified_random,MTG23,23_AlamedaCC_11032015,deepseek_temp1_chat,budget_03,run_01,T,1.0,1.0,1.0,1.0,human_adjudication,7596,Topic/Framing,True,True,1.0,"Summary identifies the subject (lease/option for Building 23), policy direction (10-year lease with purchase option), and target (Nortel Energy, with zoning/historic preservation framing).",,0.0,agreement
IAA158,hard,human_vs_both,MTG47,47_SeattleCityCouncil_05022016,gemini_2_5_flash_lite,budget_03,run_04,L,0.5,0.0,1.0,1.0,human_adjudication,10176,Concrete Concern,True,False,0.5,"Summary describes amendments and procedural detail but does not state a concrete problem-side concern (e.g., port jobs, traffic) tied to the vacation; concerns are listed as amendments rather than as concerns.",BORDERLINE: amendment list implicitly references concerns; chose 0.5.,0.0,agreement
IAA159,random,slot_stratified_random,MTG14,14_DenverCityCouncil_01092017,deepseek_temp1_chat,budget_03,run_03,L,1.0,1.0,1.0,1.0,judge_agreement,6669,Concrete Concern,True,True,1.0,"Summary specifies concrete concerns (administrative costs, conflict of interest between case management and services, single-provider issue) with specific named content.",,0.0,agreement
IAA160,random,slot_stratified_random,MTG34,34_LongBeachCC_05112021,gemini_2_5_flash_lite,budget_03,run_04,T,1.0,1.0,1.0,1.0,judge_agreement,8807,Topic/Framing,True,True,1.0,"Summary identifies the subject (strategic vision planning), policy direction (themes with equity lens), and target (city, community).",,0.0,agreement
IAA161,hard,human_vs_both,MTG43,43_SeattleCityCouncil_12142015,deepseek_temp1_chat,budget_06,run_05,B,1.0,0.5,0.0,1.0,human_adjudication,14976,Agenda-Setting Background / Precipitating Context,True,True,1.0,"Summary states extensive background (majority/minority reports, free-speech minority concerns, failed motions) connected to the eventual hold to January 11.",,0.0,agreement
IAA162,hard,human_vs_both,MTG40,40_DenverCityCouncil_05312016,gemini_2_5_flash_lite,budget_06,run_03,L,1.0,0.5,0.5,0.0,human_adjudication,14684,Concrete Concern,True,True,1.0,Summary specifies the concrete concern (business owner opposition due to assessment concerns) tied to the BID creation.,BORDERLINE: brief concern statement; chose 1.0 because it is specific.,0.0,agreement
IAA163,random,slot_stratified_random,MTG45,45_BostonCC_02022022,gemini_2_5_flash_lite,budget_06,run_05,N,1.0,1.0,0.5,1.0,human_adjudication,15222,Outcome-Near Condition / Operative Payload,True,False,0.5,"Summary attaches payload (collective bargaining, transparency, union agreements, job loss impact) with named requirements and scope but lacks a numeric scalar tied to the hearing-order payload.",BORDERLINE: no scalar; chose 0.5 per PRAC005 pattern.,0.5,adjacent_disagreement
IAA164,random,slot_stratified_random,MTG45,45_BostonCC_02022022,gemini_2_5_flash_lite,budget_06,run_03,L,1.0,1.0,1.0,1.0,judge_agreement,15209,Concrete Concern,True,True,1.0,"Summary specifies concrete concerns (mandate violating union agreements, public health and safety) tied to the hearing order.",,0.0,agreement
IAA165,hard,human_vs_both,MTG6,06_DenverCityCouncil_09252017,deepseek_temp1_chat,budget_02,run_05,N,0.5,0.0,1.0,1.0,human_adjudication,592,Outcome-Near Condition / Operative Payload,True,True,1.0,"Summary attaches payload (proclamation honoring Broadwell) with named requirement (legal expertise, institutional knowledge), scope (decades of service), and numeric scalar (14 councilmembers).",BORDERLINE: scalar is participant count rather than payload scalar; chose 1.0.,0.5,adjacent_disagreement
IAA166,hard,gpt_claude_gap_human_matched,MTG47,47_SeattleCityCouncil_05022016,deepseek_reasoning,budget_02,run_05,B,1.0,0.0,1.0,1.0,human_adjudication,4861,Agenda-Setting Background / Precipitating Context,True,True,1.0,"Summary states background (committee recommendation, amendments on scheduling/access/equity) connected to the 5-4 denial.",,0.0,agreement
IAA167,random,slot_stratified_random,MTG38,38_DenverCityCouncil_02142022,gemini_2_5_flash_lite,budget_03,run_03,N,1.0,1.0,1.0,1.0,judge_agreement,9223,Outcome-Near Condition / Operative Payload,True,False,0.5,Summary attaches payload (proclamation honoring Ambrose for neighborhood and historic preservation work) but lacks a numeric scalar tied to the proclamation payload.,BORDERLINE: no scalar; chose 0.5.,0.5,adjacent_disagreement
IAA168,random,slot_stratified_random,MTG33,33_LongBeachCC_01262016,deepseek_reasoning,budget_06,run_03,T,1.0,1.0,1.0,1.0,judge_agreement,13875,Topic/Framing,True,True,1.0,"Summary identifies the subject (tax measures for infrastructure deficit), policy direction (receive report, explore ballot measure), and target (Long Beach infrastructure/public safety).",,0.0,agreement
IAA169,random,slot_stratified_random,MTG19,19_AlamedaCC_12202016,gemini_2_5_flash_lite,budget_02,run_01,L,0.0,0.0,0.0,,judge_agreement,1965,Concrete Concern,True,False,0.5,"Summary mentions strong public support and opposition but does not specify the substantive concrete concerns (immigrants, public safety, legal ramifications).",BORDERLINE: concerns implied but not specified; chose 0.5.,0.5,adjacent_disagreement
IAA170,random,slot_stratified_random,MTG3,03_DenverCityCouncil_03142022,deepseek_temp1_chat,budget_03,run_02,S,1.0,1.0,1.0,1.0,judge_agreement,5508,Shared Concern Synthesis,True,True,1.0,Summary synthesizes shared concern (developer equity contribution vs. potential public subsidy without adequate contribution) with specific content.,,0.0,agreement
IAA171,random,slot_stratified_random,MTG27,27_BostonCC_04132022,gemini_2_5_flash_lite,budget_06,run_03,O,1.0,1.0,0.5,1.0,human_adjudication,13316,Outcome/Position,True,True,1.0,Summary states disposition (held in committee for further consideration) tied to a specifically identified item (Dorchester Field House ARPA docket).,,0.0,agreement
IAA172,hard,boundary:hearing_order_N,MTG1,01_DenverCityCouncil_09122016,deepseek_reasoning,budget_02,run_05,N,1.0,1.0,1.0,1.0,judge_agreement,32,Outcome-Near Condition / Operative Payload,True,True,1.0,"Summary attaches payload (CB 626 alternative affordable housing fund advanced to second reading, Sun Valley rezoning to eight-story development) with named requirements, scope, and scalars (7-5 vote, eight stories).",,0.0,agreement
IAA173,random,slot_stratified_random,MTG2,02_KingCountyCC_10012018,deepseek_temp1_chat,budget_06,run_03,S,1.0,1.0,1.0,1.0,judge_agreement,10660,Shared Concern Synthesis,True,True,1.0,Summary synthesizes shared concern (balancing departmental needs with countywide standards) with specific content.,BORDERLINE: theme is brief; chose 1.0 since contrast is specific.,0.0,agreement
IAA174,hard,human_vs_both,MTG44,44_SeattleCityCouncil_11232020,deepseek_reasoning,budget_06,run_02,B,1.0,0.5,0.0,1.0,human_adjudication,15025,Agenda-Setting Background / Precipitating Context,True,True,1.0,"Summary states background (Jumpstart tax coalition defense, austerity critique, future work areas) connected to the 8-1 budget passage.",,0.0,agreement
IAA175,hard,human_vs_both,MTG31,31_LongBeachCC_03222016,deepseek_temp1_chat,budget_02,run_01,L,0.5,0.0,1.0,1.0,human_adjudication,3190,Concrete Concern,True,False,0.5,Summary mentions auditor raised concerns but does not specify the substantive concrete concerns about the procurement process.,BORDERLINE: 'auditor raised concerns' is generic; chose 0.5.,0.0,agreement
IAA176,hard,boundary:memorial_tribute_LS,MTG11,11_DenverCityCouncil_12192016,gemini_2_5_flash_lite,budget_02,run_01,L,0.0,0.0,0.0,,judge_agreement,1125,Concrete Concern,False,False,0.0,"Summary describes the rezoning action and plan alignment but does not state any concrete concern (community impact, historical presence, displacement).",BORDERLINE: chose 0.0 because no concern is named.,0.0,agreement
IAA177,random,slot_stratified_random,MTG31,31_LongBeachCC_03222016,deepseek_temp1_chat,budget_06,run_04,B,1.0,1.0,1.0,1.0,judge_agreement,13709,Agenda-Setting Background / Precipitating Context,True,True,1.0,"Summary states background (city manager's rebid recommendation, auditor concerns, failed substitute motion, withdrawn motion) connected to the amended motion's passage.",,0.0,agreement
IAA178,hard,human_vs_both,MTG32,32_AlamedaCC_02212017,gemini_2_5_flash_lite,budget_03,run_04,S,1.0,0.5,0.0,1.0,human_adjudication,8602,Shared Concern Synthesis,True,True,1.0,Summary specifies shared concerns (Wells Fargo's alleged unethical practices and environmental impact) tied to the divestment direction.,,0.0,agreement
IAA179,random,slot_stratified_random,MTG21,21_SeattleCityCouncil_03192020,deepseek_temp1_chat,budget_03,run_03,L,1.0,1.0,1.0,1.0,judge_agreement,7404,Concrete Concern,True,True,1.0,"Summary specifies concrete concerns (revenue loss from waiver, federal reimbursement availability for nonprofits/small businesses) tied to the bill.",BORDERLINE: concerns are stated through monitoring rather than as raised concerns; chose 1.0.,0.0,agreement
IAA180,random,slot_stratified_random,MTG7,07_LongBeachCC_06102014,deepseek_reasoning,budget_06,run_05,T,1.0,1.0,1.0,1.0,judge_agreement,11159,Topic/Framing,True,True,1.0,"Summary identifies the subject (R&D model), policy direction (delay implementation), and target (paramedic staffing model with $1.4M savings).",,0.0,agreement
IAA181,random,slot_stratified_random,MTG33,33_LongBeachCC_01262016,gemini_2_5_flash_lite,budget_02,run_01,S,0.0,0.0,0.0,,judge_agreement,3436,Shared Concern Synthesis,True,False,0.5,Summary mentions discussion focused on tax measures and revenue potential but does not specify a recurring shared concern theme.,BORDERLINE: generic; matches PRAC002; chose 0.5.,0.5,adjacent_disagreement
IAA182,hard,gpt_claude_gap_human_matched,MTG1,01_DenverCityCouncil_09122016,deepseek_reasoning,budget_02,run_01,T,1.0,0.5,1.0,1.0,human_adjudication,1,Topic/Framing,True,True,1.0,"Summary identifies the bills (CB 430/509/563/625/626), their policy directions (postpone, approve, pass, advance), and targets (rezonings, Earth Links garden, affordable housing funding).",,0.0,agreement
IAA183,hard,human_vs_both,MTG33,33_LongBeachCC_01262016,gemini_2_5_flash_lite,budget_06,run_05,L,1.0,0.5,0.0,1.0,human_adjudication,13963,Concrete Concern,True,True,1.0,"Summary specifies concrete concerns (infrastructure and public safety needs, election timing/cost, public input) tied to the revenue options discussion.",,0.0,agreement
IAA184,hard,gpt_claude_gap_human_matched,MTG24,24_BostonCC_06152022,gemini_2_5_flash_lite,budget_02,run_03,B,1.0,1.0,0.5,1.0,human_adjudication,2502,Agenda-Setting Background / Precipitating Context,True,False,0.5,Topic Gate passes under the zero-info-threshold rule: Summary names 'Boston's role in the slave trade' and 'ongoing impacts' --- directly match source trigger_condition 'Boston's historic role in slavery and the transatlantic slave trade' and 'Continuing racial disparities and institutional harms experienced by Black Bostonians'. Background-context threads are present (embedded in payload framing). Quality Gate fails: framing and specificity insufficient for full QG.,"Training-aligned upgrade from strict-version 0.0: per zero-info-threshold rule, partial slot content present.",0.5,adjacent_disagreement
IAA185,hard,human_vs_both,MTG35,35_AlamedaCC_12062016,deepseek_temp1_chat,budget_02,run_03,S,0.5,1.0,0.0,1.0,human_adjudication,3625,Shared Concern Synthesis,True,True,1.0,"Topic Gate passes: 'unidentifiable election mailers' directly matches TG_MATCH ('hidden, undisclosed, unattributed, or unidentifiable campaign communications'). Quality Gate passes: 'unidentifiable' specifies source concealment / lack of sender identification per QG match list.",Second-author upgrade from first-pass 0.5: same logic as IAA154; 'unidentifiable' is the exact source-concealment phrase the rubric calls for.,0.5,adjacent_disagreement
IAA186,random,slot_stratified_random,MTG44,44_SeattleCityCouncil_11232020,deepseek_reasoning,budget_03,run_04,O,1.0,1.0,1.0,0.0,human_adjudication,9788,Outcome/Position,True,True,1.0,Summary states disposition (adopted 8-1) tied to a specifically identified item (2021 budget with public safety and housing investments).,,0.0,agreement
IAA187,random,slot_stratified_random,MTG16,16_KingCountyCC_06012022,deepseek_reasoning,budget_06,run_01,U,1.0,1.0,1.0,1.0,judge_agreement,12082,Unresolved Tail / Future Return Path,True,True,1.0,"Summary identifies pending items (ordinance action, drop-off/finance/turnout questions) and handling path (deferred to June 15 meeting for additional data).",,0.0,agreement
IAA188,random,slot_stratified_random,MTG25,25_AlamedaCC_12172019,gemini_2_5_flash_lite,budget_06,run_05,B,1.0,1.0,1.0,1.0,judge_agreement,13121,Agenda-Setting Background / Precipitating Context,True,True,1.0,"Summary states background (public speaker advocacy, policy vs ordinance debate) connected to the adoption and ordinance direction.",,0.0,agreement
IAA189,random,slot_stratified_random,MTG37,37_AlamedaCC_03302021,gemini_2_5_flash_lite,budget_06,run_05,B,1.0,1.0,0.0,1.0,human_adjudication,14381,Agenda-Setting Background / Precipitating Context,True,True,1.0,"Summary states background (police safety framing, public speaker militarization concerns, debate on past uses) connected to the retention decision with new policy.",,0.0,agreement
IAA190,hard,gpt_claude_gap_human_matched,MTG16,16_KingCountyCC_06012022,deepseek_reasoning,budget_03,run_04,N,1.0,1.0,0.0,1.0,human_adjudication,6850,Outcome-Near Condition / Operative Payload,True,True,1.0,"Summary attaches payload (move county officer elections to even years) with named requirements, scope (county vs. local jurisdictions), and numeric scalars (30-40% vs. 70-80% turnout).",,0.0,agreement
IAA191,random,slot_stratified_random,MTG13,13_LongBeachCC_03102015,deepseek_reasoning,budget_03,run_02,S,1.0,1.0,0.0,1.0,human_adjudication,6523,Shared Concern Synthesis,True,True,1.0,"Summary specifies shared concerns (costs, enforcement, exemptions for show/medical dogs, grandfather clause) tied to the ordinance debate.",,0.0,agreement
IAA192,random,slot_stratified_random,MTG14,14_DenverCityCouncil_01092017,gemini_2_5_flash_lite,budget_03,run_05,T,1.0,1.0,1.0,1.0,judge_agreement,6714,Topic/Framing,True,True,1.0,"Summary identifies the subject (CB 1071), policy direction (codify mill levy funds, address auditor recommendations), and target (individuals with developmental disabilities).",,0.0,agreement
IAA193,hard,human_vs_both,MTG21,21_SeattleCityCouncil_03192020,deepseek_reasoning,budget_06,run_03,U,0.5,1.0,0.0,1.0,human_adjudication,12621,Unresolved Tail / Future Return Path,True,False,0.5,Summary identifies the pending item (federal reimbursement information) but the handling path is thin ('sought information' without a defined return path).,BORDERLINE: handling path is implicit; chose 0.5.,0.0,agreement
IAA194,hard,human_vs_both,MTG39,39_DenverCityCouncil_03102014,deepseek_reasoning,budget_03,run_04,S,1.0,0.5,0.0,1.0,human_adjudication,9267,Shared Concern Synthesis,True,True,1.0,"Summary specifies shared concerns (pedestrian improvements across Cherry Creek North Drive, construction timeline) tied to the rezoning passage.",BORDERLINE: thematic synthesis is brief; chose 1.0 because content is specific.,0.0,agreement
IAA195,random,slot_stratified_random,MTG47,47_SeattleCityCouncil_05022016,deepseek_temp1_chat,budget_03,run_03,N,1.0,1.0,1.0,0.0,human_adjudication,10133,Outcome-Near Condition / Operative Payload,True,True,1.0,"Summary attaches payload (three scheduling/access amendments, NBA team amendment rejected, street vacation vote) with named requirements, scope, and numeric scalars.",,0.0,agreement
IAA196,hard,human_vs_both,MTG48,48_BostonCC_06082022,deepseek_reasoning,budget_03,run_01,U,1.0,0.5,0.0,1.0,human_adjudication,10192,Unresolved Tail / Future Return Path,True,True,1.0,Summary identifies the pending item (mayor's response) and the handling path (collaborative process via new charter amendment powers).,,0.0,agreement
IAA197,random,slot_stratified_random,MTG4,04_LongBeachCC_11182014,deepseek_reasoning,budget_06,run_04,L,1.0,1.0,1.0,1.0,judge_agreement,10841,Concrete Concern,True,True,1.0,"Summary specifies concrete concerns (enforceability, licensing rate, costs, risk of driving responsible owners underground) tied to the ordinance debate.",,0.0,agreement
IAA198,hard,human_vs_both,MTG31,31_LongBeachCC_03222016,deepseek_reasoning,budget_06,run_02,S,1.0,0.5,0.0,1.0,human_adjudication,13663,Shared Concern Synthesis,True,False,0.5,Summary describes the procedural debate but does not synthesize a recurring shared concern theme; it's action-side narration of compromise.,BORDERLINE: process integrity is implicit concern; chose 0.5 per PRAC002 pattern.,0.5,adjacent_disagreement
IAA199,hard,human_vs_both,MTG46,46_BostonCC_03162022,deepseek_reasoning,budget_03,run_02,L,1.0,0.0,0.5,1.0,human_adjudication,9987,Concrete Concern,True,True,1.0,"Summary specifies concrete concerns (buffer zone enforcement, equity, Boston Cannabis Board role) tied to the hearing order.",,0.0,agreement
IAA200,random,slot_stratified_random,MTG49,49_LongBeachCC_09112018,deepseek_temp1_chat,budget_03,run_01,U,1.0,1.0,1.0,1.0,judge_agreement,10332,Unresolved Tail / Future Return Path,True,True,1.0,"Summary identifies the pending item (committee review of renaming) and the handling path (item returns to council after committee, with suggested expedited timeline).",,0.0,agreement
