metric,target,n_meetings,mean_rows_per_meeting,mean_spearman_r,min_spearman_r,max_spearman_r
rougeL_f1,MeanPresence,50,45,-0.095097,-0.751169,0.582158
rougeL_f1,OraclePresence,49,45,-0.129733,-0.763209,0.627275
rougeL_f1,FactErrorRate,48,45,-0.038563,-0.448378,0.333541
rougeL_f1,slot_T_presence,35,45,0.098594,-0.36362,0.533611
rougeL_f1,slot_O_presence,36,45,-0.024627,-0.382603,0.557206
rougeL_f1,slot_B_presence,46,45,-0.06309,-0.501541,0.590173
rougeL_f1,slot_N_presence,39,45,-0.019478,-0.55054,0.525087
rougeL_f1,slot_L_presence,48,45,-0.106225,-0.588998,0.406562
rougeL_f1,slot_S_presence,49,45,-0.07276,-0.390285,0.499819
rougeL_f1,slot_U_presence,49,45,-0.129688,-0.563615,0.271013
bertscore_f1,MeanPresence,50,45,-0.294753,-0.749314,0.401817
bertscore_f1,OraclePresence,49,45,-0.308186,-0.851598,0.346011
bertscore_f1,FactErrorRate,48,45,-0.051975,-0.520409,0.379487
bertscore_f1,slot_T_presence,35,45,0.09147,-0.522362,0.526738
bertscore_f1,slot_O_presence,36,45,-0.095704,-0.530438,0.354229
bertscore_f1,slot_B_presence,46,45,-0.17983,-0.621147,0.247638
bertscore_f1,slot_N_presence,39,45,-0.092673,-0.584915,0.447529
bertscore_f1,slot_L_presence,48,45,-0.240506,-0.547515,0.32384
bertscore_f1,slot_S_presence,49,45,-0.197926,-0.553925,0.13938
bertscore_f1,slot_U_presence,49,45,-0.25122,-0.566807,0.156415
embedding_cosine,MeanPresence,50,45,0.140818,-0.548544,0.630887
embedding_cosine,OraclePresence,49,45,0.122168,-0.407953,0.541903
embedding_cosine,FactErrorRate,48,45,-0.049913,-0.507912,0.347119
embedding_cosine,slot_T_presence,35,45,0.228485,-0.243769,0.756208
embedding_cosine,slot_O_presence,36,45,0.088666,-0.348727,0.444934
embedding_cosine,slot_B_presence,46,45,0.083922,-0.375273,0.538895
embedding_cosine,slot_N_presence,39,45,0.150768,-0.342981,0.611253
embedding_cosine,slot_L_presence,48,45,0.002258,-0.492031,0.420444
embedding_cosine,slot_S_presence,49,45,0.030006,-0.418227,0.421867
embedding_cosine,slot_U_presence,49,45,0.030968,-0.251625,0.472127
