metric,target,n,pearson_r,spearman_r
rougeL_f1,MeanPresence,2250,-0.109266,-0.076166
rougeL_f1,OraclePresence,2250,-0.119841,-0.058391
rougeL_f1,FactErrorRate,2250,0.030748,-0.032359
rougeL_f1,slot_T_presence,2250,0.122171,0.113269
rougeL_f1,slot_O_presence,2250,0.008872,0.037295
rougeL_f1,slot_B_presence,2250,0.097375,0.121895
rougeL_f1,slot_N_presence,2250,0.044911,0.027128
rougeL_f1,slot_L_presence,2250,-0.15991,-0.135829
rougeL_f1,slot_S_presence,2250,-0.190226,-0.176249
rougeL_f1,slot_U_presence,2250,-0.154723,-0.131869
bertscore_f1,MeanPresence,2250,-0.137714,-0.12896
bertscore_f1,OraclePresence,2250,-0.159374,-0.114856
bertscore_f1,FactErrorRate,2250,-0.012756,-0.060585
bertscore_f1,slot_T_presence,2250,0.163031,0.153929
bertscore_f1,slot_O_presence,2250,-0.083135,-0.06125
bertscore_f1,slot_B_presence,2250,0.117655,0.113041
bertscore_f1,slot_N_presence,2250,0.057431,0.033173
bertscore_f1,slot_L_presence,2250,-0.207985,-0.190181
bertscore_f1,slot_S_presence,2250,-0.233311,-0.223882
bertscore_f1,slot_U_presence,2250,-0.138292,-0.119875
embedding_cosine,MeanPresence,2250,0.087707,0.091989
embedding_cosine,OraclePresence,2250,0.06991,0.091277
embedding_cosine,FactErrorRate,2250,7.1e-05,-0.016631
embedding_cosine,slot_T_presence,2250,0.232869,0.188123
embedding_cosine,slot_O_presence,2250,0.054058,0.081154
embedding_cosine,slot_B_presence,2250,0.180011,0.192791
embedding_cosine,slot_N_presence,2250,0.180378,0.171434
embedding_cosine,slot_L_presence,2250,-0.033864,-0.030999
embedding_cosine,slot_S_presence,2250,-0.02511,-0.017302
embedding_cosine,slot_U_presence,2250,-0.097408,-0.096727
