generator_name,model_family,variant,budget_dir,sentence_count,dimension,value,n_meetings,n_runs,n_label_cells,mean_cell_presence_0_1,mean_total_presence_0_7,best_of_5_total_presence_0_7,best_of_5_headroom_0_7,fact_error_rate,human_adjudication_rate,tuple_agreement_rate
deepseek_reasoning,DeepSeek,reasoning,budget_02,2,body_code,AlamedaCC,10,50,350,0.64,4.48,5.5,1.02,0.084746,0.171429,0.828571
deepseek_reasoning,DeepSeek,reasoning,budget_03,3,body_code,AlamedaCC,10,50,350,0.795714,5.57,6.4,0.83,0.052632,0.177143,0.822857
deepseek_reasoning,DeepSeek,reasoning,budget_06,6,body_code,AlamedaCC,10,50,350,0.912857,6.39,6.9,0.51,0.05625,0.145714,0.854286
deepseek_temp1_chat,DeepSeek,chat,budget_02,2,body_code,AlamedaCC,10,50,350,0.668571,4.68,5.65,0.97,0.058091,0.174286,0.825714
deepseek_temp1_chat,DeepSeek,chat,budget_03,3,body_code,AlamedaCC,10,50,350,0.82,5.74,6.7,0.96,0.068966,0.197143,0.802857
deepseek_temp1_chat,DeepSeek,chat,budget_06,6,body_code,AlamedaCC,10,50,350,0.911429,6.38,6.8,0.42,0.059006,0.111429,0.888571
gemini_2_5_flash_lite,Gemini,2_5_flash_lite,budget_02,2,body_code,AlamedaCC,10,50,350,0.581429,4.07,5.3,1.23,0.03271,0.217143,0.782857
gemini_2_5_flash_lite,Gemini,2_5_flash_lite,budget_03,3,body_code,AlamedaCC,10,50,350,0.617143,4.32,5.75,1.43,0.086207,0.185714,0.814286
gemini_2_5_flash_lite,Gemini,2_5_flash_lite,budget_06,6,body_code,AlamedaCC,10,50,350,0.78,5.46,6.2,0.74,0.042105,0.2,0.8
deepseek_reasoning,DeepSeek,reasoning,budget_02,2,body_code,BostonCC,7,35,245,0.732653,5.128571,5.928571,0.8,0.032609,0.22449,0.77551
deepseek_reasoning,DeepSeek,reasoning,budget_03,3,body_code,BostonCC,7,35,245,0.804082,5.628571,6.714286,1.085714,0.049505,0.17551,0.82449
deepseek_reasoning,DeepSeek,reasoning,budget_06,6,body_code,BostonCC,7,35,245,0.914286,6.4,6.857143,0.457143,0.066667,0.15102,0.84898
deepseek_temp1_chat,DeepSeek,chat,budget_02,2,body_code,BostonCC,7,35,245,0.75102,5.257143,6.357143,1.1,0.086022,0.232653,0.767347
deepseek_temp1_chat,DeepSeek,chat,budget_03,3,body_code,BostonCC,7,35,245,0.820408,5.742857,6.714286,0.971429,0.069307,0.187755,0.812245
deepseek_temp1_chat,DeepSeek,chat,budget_06,6,body_code,BostonCC,7,35,245,0.9,6.3,7,0.7,0.09375,0.142857,0.857143
gemini_2_5_flash_lite,Gemini,2_5_flash_lite,budget_02,2,body_code,BostonCC,7,35,245,0.632653,4.428571,5.071429,0.642857,0.060606,0.236735,0.763265
gemini_2_5_flash_lite,Gemini,2_5_flash_lite,budget_03,3,body_code,BostonCC,7,35,245,0.679592,4.757143,5.857143,1.1,0.04023,0.240816,0.759184
gemini_2_5_flash_lite,Gemini,2_5_flash_lite,budget_06,6,body_code,BostonCC,7,35,245,0.806122,5.642857,6.357143,0.714286,0.092233,0.220408,0.779592
deepseek_reasoning,DeepSeek,reasoning,budget_02,2,body_code,DenverCityCouncil,11,55,385,0.65974,4.618182,5.590909,0.972727,0.065385,0.124675,0.875325
deepseek_reasoning,DeepSeek,reasoning,budget_03,3,body_code,DenverCityCouncil,11,55,385,0.732468,5.127273,6.090909,0.963636,0.051546,0.12987,0.87013
deepseek_reasoning,DeepSeek,reasoning,budget_06,6,body_code,DenverCityCouncil,11,55,385,0.831169,5.818182,6.454545,0.636364,0.074303,0.12987,0.87013
deepseek_temp1_chat,DeepSeek,chat,budget_02,2,body_code,DenverCityCouncil,11,55,385,0.624675,4.372727,5.363636,0.990909,0.070866,0.124675,0.875325
deepseek_temp1_chat,DeepSeek,chat,budget_03,3,body_code,DenverCityCouncil,11,55,385,0.751948,5.263636,5.772727,0.509091,0.074074,0.124675,0.875325
deepseek_temp1_chat,DeepSeek,chat,budget_06,6,body_code,DenverCityCouncil,11,55,385,0.823377,5.763636,6.318182,0.554545,0.056426,0.135065,0.864935
gemini_2_5_flash_lite,Gemini,2_5_flash_lite,budget_02,2,body_code,DenverCityCouncil,11,55,385,0.590909,4.136364,4.772727,0.636364,0.041322,0.166234,0.833766
gemini_2_5_flash_lite,Gemini,2_5_flash_lite,budget_03,3,body_code,DenverCityCouncil,11,55,385,0.620779,4.345455,5.636364,1.290909,0.076336,0.215584,0.784416
gemini_2_5_flash_lite,Gemini,2_5_flash_lite,budget_06,6,body_code,DenverCityCouncil,11,55,385,0.732468,5.127273,6.045455,0.918182,0.087838,0.220779,0.779221
deepseek_reasoning,DeepSeek,reasoning,budget_02,2,body_code,KingCountyCC,4,20,140,0.614286,4.3,5.375,1.075,0.108696,0.185714,0.814286
deepseek_reasoning,DeepSeek,reasoning,budget_03,3,body_code,KingCountyCC,4,20,140,0.685714,4.8,5.625,0.825,0.214286,0.192857,0.807143
deepseek_reasoning,DeepSeek,reasoning,budget_06,6,body_code,KingCountyCC,4,20,140,0.742857,5.2,5.75,0.55,0.201923,0.107143,0.892857
deepseek_temp1_chat,DeepSeek,chat,budget_02,2,body_code,KingCountyCC,4,20,140,0.617857,4.325,5.125,0.8,0.152174,0.214286,0.785714
deepseek_temp1_chat,DeepSeek,chat,budget_03,3,body_code,KingCountyCC,4,20,140,0.739286,5.175,6.125,0.95,0.155963,0.2,0.8
deepseek_temp1_chat,DeepSeek,chat,budget_06,6,body_code,KingCountyCC,4,20,140,0.867857,6.075,6.75,0.675,0.106557,0.178571,0.821429
gemini_2_5_flash_lite,Gemini,2_5_flash_lite,budget_02,2,body_code,KingCountyCC,4,20,140,0.517857,3.625,4.625,1,0.219512,0.214286,0.785714
gemini_2_5_flash_lite,Gemini,2_5_flash_lite,budget_03,3,body_code,KingCountyCC,4,20,140,0.564286,3.95,5,1.05,0.193182,0.228571,0.771429
gemini_2_5_flash_lite,Gemini,2_5_flash_lite,budget_06,6,body_code,KingCountyCC,4,20,140,0.725,5.075,5.625,0.55,0.17757,0.25,0.75
deepseek_reasoning,DeepSeek,reasoning,budget_02,2,body_code,LongBeachCC,9,45,315,0.677778,4.744444,5.611111,0.866667,0.129464,0.273016,0.726984
deepseek_reasoning,DeepSeek,reasoning,budget_03,3,body_code,LongBeachCC,9,45,315,0.75873,5.311111,6.333333,1.022222,0.138776,0.219048,0.780952
deepseek_reasoning,DeepSeek,reasoning,budget_06,6,body_code,LongBeachCC,9,45,315,0.907937,6.355556,6.777778,0.422222,0.120275,0.209524,0.790476
deepseek_temp1_chat,DeepSeek,chat,budget_02,2,body_code,LongBeachCC,9,45,315,0.688889,4.822222,6.111111,1.288889,0.1875,0.266667,0.733333
deepseek_temp1_chat,DeepSeek,chat,budget_03,3,body_code,LongBeachCC,9,45,315,0.806349,5.644444,6.555556,0.911111,0.159091,0.24127,0.75873
deepseek_temp1_chat,DeepSeek,chat,budget_06,6,body_code,LongBeachCC,9,45,315,0.907937,6.355556,6.944444,0.588889,0.136986,0.269841,0.730159
gemini_2_5_flash_lite,Gemini,2_5_flash_lite,budget_02,2,body_code,LongBeachCC,9,45,315,0.660317,4.622222,5.611111,0.988889,0.177273,0.273016,0.726984
gemini_2_5_flash_lite,Gemini,2_5_flash_lite,budget_03,3,body_code,LongBeachCC,9,45,315,0.712698,4.988889,6.277778,1.288889,0.15678,0.304762,0.695238
gemini_2_5_flash_lite,Gemini,2_5_flash_lite,budget_06,6,body_code,LongBeachCC,9,45,315,0.812698,5.688889,6.555556,0.866667,0.073077,0.231746,0.768254
deepseek_reasoning,DeepSeek,reasoning,budget_02,2,body_code,SeattleCityCouncil,9,45,315,0.695238,4.866667,5.611111,0.744444,0.012987,0.209524,0.790476
deepseek_reasoning,DeepSeek,reasoning,budget_03,3,body_code,SeattleCityCouncil,9,45,315,0.779365,5.455556,6.444444,0.988889,0.052,0.146032,0.853968
deepseek_reasoning,DeepSeek,reasoning,budget_06,6,body_code,SeattleCityCouncil,9,45,315,0.87619,6.133333,6.777778,0.644444,0.031915,0.114286,0.885714
deepseek_temp1_chat,DeepSeek,chat,budget_02,2,body_code,SeattleCityCouncil,9,45,315,0.72381,5.066667,6.055556,0.988889,0.089362,0.174603,0.825397
deepseek_temp1_chat,DeepSeek,chat,budget_03,3,body_code,SeattleCityCouncil,9,45,315,0.787302,5.511111,6.444444,0.933333,0.0625,0.165079,0.834921
deepseek_temp1_chat,DeepSeek,chat,budget_06,6,body_code,SeattleCityCouncil,9,45,315,0.885714,6.2,6.722222,0.522222,0.049645,0.168254,0.831746
gemini_2_5_flash_lite,Gemini,2_5_flash_lite,budget_02,2,body_code,SeattleCityCouncil,9,45,315,0.555556,3.888889,4.833333,0.944444,0.075269,0.2,0.8
gemini_2_5_flash_lite,Gemini,2_5_flash_lite,budget_03,3,body_code,SeattleCityCouncil,9,45,315,0.611111,4.277778,5.333333,1.055556,0.04878,0.187302,0.812698
gemini_2_5_flash_lite,Gemini,2_5_flash_lite,budget_06,6,body_code,SeattleCityCouncil,9,45,315,0.692063,4.844444,6.166667,1.322222,0.069264,0.2,0.8
deepseek_reasoning,DeepSeek,reasoning,budget_02,2,decision_type,Motion,6,30,210,0.65,4.55,5.416667,0.866667,0.076923,0.195238,0.804762
deepseek_reasoning,DeepSeek,reasoning,budget_03,3,decision_type,Motion,6,30,210,0.690476,4.833333,5.833333,1,0.12,0.12381,0.87619
deepseek_reasoning,DeepSeek,reasoning,budget_06,6,decision_type,Motion,6,30,210,0.788095,5.516667,6,0.483333,0.156627,0.147619,0.852381
deepseek_temp1_chat,DeepSeek,chat,budget_02,2,decision_type,Motion,6,30,210,0.680952,4.766667,5.75,0.983333,0.129252,0.204762,0.795238
deepseek_temp1_chat,DeepSeek,chat,budget_03,3,decision_type,Motion,6,30,210,0.730952,5.116667,6.333333,1.216667,0.146497,0.152381,0.847619
deepseek_temp1_chat,DeepSeek,chat,budget_06,6,decision_type,Motion,6,30,210,0.859524,6.016667,6.833333,0.816667,0.11413,0.157143,0.842857
gemini_2_5_flash_lite,Gemini,2_5_flash_lite,budget_02,2,decision_type,Motion,6,30,210,0.545238,3.816667,4.5,0.683333,0.221311,0.161905,0.838095
gemini_2_5_flash_lite,Gemini,2_5_flash_lite,budget_03,3,decision_type,Motion,6,30,210,0.592857,4.15,5.25,1.1,0.134328,0.180952,0.819048
gemini_2_5_flash_lite,Gemini,2_5_flash_lite,budget_06,6,decision_type,Motion,6,30,210,0.77381,5.416667,6,0.583333,0.169591,0.219048,0.780952
deepseek_reasoning,DeepSeek,reasoning,budget_02,2,decision_type,Ordinance,13,65,455,0.7,4.9,6,1.1,0.119266,0.16044,0.83956
deepseek_reasoning,DeepSeek,reasoning,budget_03,3,decision_type,Ordinance,13,65,455,0.767033,5.369231,6.230769,0.861538,0.103352,0.178022,0.821978
deepseek_reasoning,DeepSeek,reasoning,budget_06,6,decision_type,Ordinance,13,65,455,0.868132,6.076923,6.730769,0.653846,0.100503,0.173626,0.826374
deepseek_temp1_chat,DeepSeek,chat,budget_02,2,decision_type,Ordinance,13,65,455,0.636264,4.453846,5.384615,0.930769,0.119601,0.142857,0.857143
deepseek_temp1_chat,DeepSeek,chat,budget_03,3,decision_type,Ordinance,13,65,455,0.8,5.6,6.269231,0.669231,0.107239,0.189011,0.810989
deepseek_temp1_chat,DeepSeek,chat,budget_06,6,decision_type,Ordinance,13,65,455,0.849451,5.946154,6.615385,0.669231,0.087404,0.162637,0.837363
gemini_2_5_flash_lite,Gemini,2_5_flash_lite,budget_02,2,decision_type,Ordinance,13,65,455,0.604396,4.230769,5.153846,0.923077,0.054983,0.184615,0.815385
gemini_2_5_flash_lite,Gemini,2_5_flash_lite,budget_03,3,decision_type,Ordinance,13,65,455,0.656044,4.592308,5.730769,1.138462,0.087774,0.228571,0.771429
gemini_2_5_flash_lite,Gemini,2_5_flash_lite,budget_06,6,decision_type,Ordinance,13,65,455,0.749451,5.246154,6.192308,0.946154,0.061972,0.221978,0.778022
deepseek_reasoning,DeepSeek,reasoning,budget_02,2,decision_type,Other,25,125,875,0.665143,4.656,5.5,0.844,0.053922,0.217143,0.782857
deepseek_reasoning,DeepSeek,reasoning,budget_03,3,decision_type,Other,25,125,875,0.762857,5.34,6.42,1.08,0.07489,0.180571,0.819429
deepseek_reasoning,DeepSeek,reasoning,budget_06,6,decision_type,Other,25,125,875,0.881143,6.168,6.7,0.532,0.070243,0.149714,0.850286
deepseek_temp1_chat,DeepSeek,chat,budget_02,2,decision_type,Other,25,125,875,0.681714,4.772,5.92,1.148,0.101613,0.211429,0.788571
deepseek_temp1_chat,DeepSeek,chat,budget_03,3,decision_type,Other,25,125,875,0.781714,5.472,6.32,0.848,0.089489,0.2,0.8
deepseek_temp1_chat,DeepSeek,chat,budget_06,6,decision_type,Other,25,125,875,0.886286,6.204,6.72,0.516,0.083863,0.182857,0.817143
gemini_2_5_flash_lite,Gemini,2_5_flash_lite,budget_02,2,decision_type,Other,25,125,875,0.590286,4.132,5,0.868,0.099638,0.242286,0.757714
gemini_2_5_flash_lite,Gemini,2_5_flash_lite,budget_03,3,decision_type,Other,25,125,875,0.623429,4.364,5.68,1.316,0.101868,0.254857,0.745143
gemini_2_5_flash_lite,Gemini,2_5_flash_lite,budget_06,6,decision_type,Other,25,125,875,0.754286,5.28,6.18,0.9,0.075253,0.233143,0.766857
deepseek_reasoning,DeepSeek,reasoning,budget_02,2,decision_type,Resolution,6,30,210,0.661905,4.633333,5.416667,0.783333,0.013793,0.17619,0.82381
deepseek_reasoning,DeepSeek,reasoning,budget_03,3,decision_type,Resolution,6,30,210,0.840476,5.883333,6.5,0.616667,0.010989,0.152381,0.847619
deepseek_reasoning,DeepSeek,reasoning,budget_06,6,decision_type,Resolution,6,30,210,0.942857,6.6,7,0.4,0.005051,0.066667,0.933333
deepseek_temp1_chat,DeepSeek,chat,budget_02,2,decision_type,Resolution,6,30,210,0.766667,5.366667,6.25,0.883333,0.042683,0.2,0.8
deepseek_temp1_chat,DeepSeek,chat,budget_03,3,decision_type,Resolution,6,30,210,0.864286,6.05,6.916667,0.866667,0.027174,0.12381,0.87619
deepseek_temp1_chat,DeepSeek,chat,budget_06,6,decision_type,Resolution,6,30,210,0.954762,6.683333,6.916667,0.233333,0.0199,0.104762,0.895238
gemini_2_5_flash_lite,Gemini,2_5_flash_lite,budget_02,2,decision_type,Resolution,6,30,210,0.645238,4.516667,5.75,1.233333,0,0.22381,0.77619
gemini_2_5_flash_lite,Gemini,2_5_flash_lite,budget_03,3,decision_type,Resolution,6,30,210,0.709524,4.966667,6.166667,1.2,0.032258,0.138095,0.861905
gemini_2_5_flash_lite,Gemini,2_5_flash_lite,budget_06,6,decision_type,Resolution,6,30,210,0.783333,5.483333,6.5,1.016667,0.047619,0.138095,0.861905
deepseek_reasoning,DeepSeek,reasoning,budget_02,2,length_bin,10k-20k,15,75,525,0.709524,4.966667,5.966667,1,0.048843,0.220952,0.779048
deepseek_reasoning,DeepSeek,reasoning,budget_03,3,length_bin,10k-20k,15,75,525,0.802857,5.62,6.266667,0.646667,0.069284,0.201905,0.798095
deepseek_reasoning,DeepSeek,reasoning,budget_06,6,length_bin,10k-20k,15,75,525,0.90381,6.326667,6.766667,0.44,0.072765,0.169524,0.830476
deepseek_temp1_chat,DeepSeek,chat,budget_02,2,length_bin,10k-20k,15,75,525,0.685714,4.8,5.833333,1.033333,0.080429,0.24,0.76
deepseek_temp1_chat,DeepSeek,chat,budget_03,3,length_bin,10k-20k,15,75,525,0.804762,5.633333,6.566667,0.933333,0.083527,0.211429,0.788571
deepseek_temp1_chat,DeepSeek,chat,budget_06,6,length_bin,10k-20k,15,75,525,0.908571,6.36,6.8,0.44,0.072165,0.152381,0.847619
gemini_2_5_flash_lite,Gemini,2_5_flash_lite,budget_02,2,length_bin,10k-20k,15,75,525,0.627619,4.393333,5.433333,1.04,0.091954,0.23619,0.76381
gemini_2_5_flash_lite,Gemini,2_5_flash_lite,budget_03,3,length_bin,10k-20k,15,75,525,0.659048,4.613333,5.9,1.286667,0.059621,0.226667,0.773333
gemini_2_5_flash_lite,Gemini,2_5_flash_lite,budget_06,6,length_bin,10k-20k,15,75,525,0.798095,5.586667,6.3,0.713333,0.054795,0.224762,0.775238
deepseek_reasoning,DeepSeek,reasoning,budget_02,2,length_bin,2.5k-5k,20,100,700,0.674286,4.72,5.6,0.88,0.08554,0.181429,0.818571
deepseek_reasoning,DeepSeek,reasoning,budget_03,3,length_bin,2.5k-5k,20,100,700,0.766429,5.365,6.325,0.96,0.100365,0.17,0.83
deepseek_reasoning,DeepSeek,reasoning,budget_06,6,length_bin,2.5k-5k,20,100,700,0.855,5.985,6.5,0.515,0.104478,0.132857,0.867143
deepseek_temp1_chat,DeepSeek,chat,budget_02,2,length_bin,2.5k-5k,20,100,700,0.695714,4.87,5.875,1.005,0.108696,0.167143,0.832857
deepseek_temp1_chat,DeepSeek,chat,budget_03,3,length_bin,2.5k-5k,20,100,700,0.777143,5.44,6.25,0.81,0.108929,0.167143,0.832857
deepseek_temp1_chat,DeepSeek,chat,budget_06,6,length_bin,2.5k-5k,20,100,700,0.872143,6.105,6.725,0.62,0.092683,0.184286,0.815714
gemini_2_5_flash_lite,Gemini,2_5_flash_lite,budget_02,2,length_bin,2.5k-5k,20,100,700,0.603571,4.225,4.975,0.75,0.081678,0.201429,0.798571
gemini_2_5_flash_lite,Gemini,2_5_flash_lite,budget_03,3,length_bin,2.5k-5k,20,100,700,0.656429,4.595,5.575,0.98,0.131313,0.247143,0.752857
gemini_2_5_flash_lite,Gemini,2_5_flash_lite,budget_06,6,length_bin,2.5k-5k,20,100,700,0.757857,5.305,6.05,0.745,0.081967,0.197143,0.802857
deepseek_reasoning,DeepSeek,reasoning,budget_02,2,length_bin,5k-10k,15,75,525,0.631429,4.42,5.266667,0.846667,0.069164,0.186667,0.813333
deepseek_reasoning,DeepSeek,reasoning,budget_03,3,length_bin,5k-10k,15,75,525,0.72381,5.066667,6.333333,1.266667,0.058974,0.137143,0.862857
deepseek_reasoning,DeepSeek,reasoning,budget_06,6,length_bin,5k-10k,15,75,525,0.869524,6.086667,6.766667,0.68,0.052061,0.139048,0.860952
deepseek_temp1_chat,DeepSeek,chat,budget_02,2,length_bin,5k-10k,15,75,525,0.653333,4.573333,5.666667,1.093333,0.113314,0.175238,0.824762
deepseek_temp1_chat,DeepSeek,chat,budget_03,3,length_bin,5k-10k,15,75,525,0.793333,5.553333,6.366667,0.813333,0.079625,0.173333,0.826667
deepseek_temp1_chat,DeepSeek,chat,budget_06,6,length_bin,5k-10k,15,75,525,0.867619,6.073333,6.666667,0.593333,0.071584,0.152381,0.847619
gemini_2_5_flash_lite,Gemini,2_5_flash_lite,budget_02,2,length_bin,5k-10k,15,75,525,0.551429,3.86,4.833333,0.973333,0.094156,0.213333,0.786667
gemini_2_5_flash_lite,Gemini,2_5_flash_lite,budget_03,3,length_bin,5k-10k,15,75,525,0.594286,4.16,5.666667,1.506667,0.072072,0.194286,0.805714
gemini_2_5_flash_lite,Gemini,2_5_flash_lite,budget_06,6,length_bin,5k-10k,15,75,525,0.720952,5.046667,6.3,1.253333,0.105528,0.23619,0.76381
deepseek_reasoning,DeepSeek,reasoning,budget_02,2,segment_type,decision-bearing,25,125,875,0.678857,4.752,5.72,0.968,0.084553,0.172571,0.827429
deepseek_reasoning,DeepSeek,reasoning,budget_03,3,segment_type,decision-bearing,25,125,875,0.766286,5.364,6.2,0.836,0.082609,0.158857,0.841143
deepseek_reasoning,DeepSeek,reasoning,budget_06,6,segment_type,decision-bearing,25,125,875,0.866857,6.068,6.62,0.552,0.087927,0.141714,0.858286
deepseek_temp1_chat,DeepSeek,chat,budget_02,2,segment_type,decision-bearing,25,125,875,0.678286,4.748,5.68,0.932,0.101307,0.171429,0.828571
deepseek_temp1_chat,DeepSeek,chat,budget_03,3,segment_type,decision-bearing,25,125,875,0.798857,5.592,6.44,0.848,0.095238,0.164571,0.835429
deepseek_temp1_chat,DeepSeek,chat,budget_06,6,segment_type,decision-bearing,25,125,875,0.877143,6.14,6.74,0.6,0.076227,0.147429,0.852571
gemini_2_5_flash_lite,Gemini,2_5_flash_lite,budget_02,2,segment_type,decision-bearing,25,125,875,0.6,4.2,5.14,0.94,0.077199,0.188571,0.811429
gemini_2_5_flash_lite,Gemini,2_5_flash_lite,budget_03,3,segment_type,decision-bearing,25,125,875,0.653714,4.576,5.72,1.144,0.083882,0.195429,0.804571
gemini_2_5_flash_lite,Gemini,2_5_flash_lite,budget_06,6,segment_type,decision-bearing,25,125,875,0.763429,5.344,6.22,0.876,0.085014,0.201143,0.798857
deepseek_reasoning,DeepSeek,reasoning,budget_02,2,segment_type,non-decision,25,125,875,0.665143,4.656,5.5,0.844,0.053922,0.217143,0.782857
deepseek_reasoning,DeepSeek,reasoning,budget_03,3,segment_type,non-decision,25,125,875,0.762857,5.34,6.42,1.08,0.07489,0.180571,0.819429
deepseek_reasoning,DeepSeek,reasoning,budget_06,6,segment_type,non-decision,25,125,875,0.881143,6.168,6.7,0.532,0.070243,0.149714,0.850286
deepseek_temp1_chat,DeepSeek,chat,budget_02,2,segment_type,non-decision,25,125,875,0.681714,4.772,5.92,1.148,0.101613,0.211429,0.788571
deepseek_temp1_chat,DeepSeek,chat,budget_03,3,segment_type,non-decision,25,125,875,0.781714,5.472,6.32,0.848,0.089489,0.2,0.8
deepseek_temp1_chat,DeepSeek,chat,budget_06,6,segment_type,non-decision,25,125,875,0.886286,6.204,6.72,0.516,0.083863,0.182857,0.817143
gemini_2_5_flash_lite,Gemini,2_5_flash_lite,budget_02,2,segment_type,non-decision,25,125,875,0.590286,4.132,5,0.868,0.099638,0.242286,0.757714
gemini_2_5_flash_lite,Gemini,2_5_flash_lite,budget_03,3,segment_type,non-decision,25,125,875,0.623429,4.364,5.68,1.316,0.101868,0.254857,0.745143
gemini_2_5_flash_lite,Gemini,2_5_flash_lite,budget_06,6,segment_type,non-decision,25,125,875,0.754286,5.28,6.18,0.9,0.075253,0.233143,0.766857
