generator,budget,jaccard_type,mean_jaccard,ci_low,ci_high,n_meetings,bootstrap_B,bootstrap_unit,seed
deepseek_reasoning,budget_02,loose,0.7742190476190476,0.742399761904762,0.806767261904762,50,10000,meeting_id,20260524
deepseek_reasoning,budget_02,strict,0.718142857142857,0.6793467857142858,0.756049523809524,50,10000,meeting_id,20260524
deepseek_reasoning,budget_03,loose,0.8054000000000001,0.7744408333333332,0.8364290476190476,50,10000,meeting_id,20260524
deepseek_reasoning,budget_03,strict,0.7720952380952381,0.7397523809523812,0.8029066666666668,50,10000,meeting_id,20260524
deepseek_reasoning,budget_06,loose,0.8894761904761904,0.8641611904761904,0.9131811904761905,50,10000,meeting_id,20260524
deepseek_reasoning,budget_06,strict,0.8799619047619047,0.8538945238095237,0.9038861904761902,50,10000,meeting_id,20260524
deepseek_temp1_chat,budget_02,loose,0.7554428571428571,0.7233521428571428,0.7864858333333332,50,10000,meeting_id,20260524
deepseek_temp1_chat,budget_02,strict,0.7000619047619047,0.6610134523809525,0.7384819047619047,50,10000,meeting_id,20260524
deepseek_temp1_chat,budget_03,loose,0.8161095238095238,0.7805692857142856,0.8503959523809523,50,10000,meeting_id,20260524
deepseek_temp1_chat,budget_03,strict,0.7813523809523809,0.7383045238095238,0.8225292857142856,50,10000,meeting_id,20260524
deepseek_temp1_chat,budget_06,loose,0.8817095238095238,0.852707738095238,0.9079917857142856,50,10000,meeting_id,20260524
deepseek_temp1_chat,budget_06,strict,0.8749428571428572,0.8462234523809522,0.9021673809523809,50,10000,meeting_id,20260524
gemini_2_5_flash_lite,budget_02,loose,0.7306190476190476,0.6859563095238096,0.7733147619047618,50,10000,meeting_id,20260524
gemini_2_5_flash_lite,budget_02,strict,0.6694380952380952,0.6234563095238095,0.7142922619047619,50,10000,meeting_id,20260524
gemini_2_5_flash_lite,budget_03,loose,0.7055666666666667,0.6704470238095239,0.7402955952380953,50,10000,meeting_id,20260524
gemini_2_5_flash_lite,budget_03,strict,0.6440285714285713,0.5993178571428571,0.688862380952381,50,10000,meeting_id,20260524
gemini_2_5_flash_lite,budget_06,loose,0.8014809523809522,0.767097738095238,0.8347261904761906,50,10000,meeting_id,20260524
gemini_2_5_flash_lite,budget_06,strict,0.7392809523809525,0.6933217857142857,0.7820860714285714,50,10000,meeting_id,20260524
