generator_name,model_family,variant,budget_dir,sentence_count,n_meetings,n_runs,n_label_cells,mean_cell_presence_0_1,mean_total_presence_0_7,best_of_5_total_presence_0_7,best_of_5_headroom_0_7,fact_error_rate,human_adjudication_rate,tuple_agreement_rate,mean_rougeL_f1,mean_bertscore_f1,mean_embedding_cosine,oracle_single_mean_strict_0_7,oracle_union_at_5_strict_0_7,oracle_gain_strict_0_7,mean_jaccard_strict,oracle_single_mean_loose_0_7,oracle_union_at_5_loose_0_7,oracle_gain_loose_0_7,mean_jaccard_loose
deepseek_reasoning,DeepSeek,reasoning,budget_02,2,50,250,1750,0.672,4.704,5.61,0.906,0.069275,0.194857,0.805143,0.17663,0.849335,0.602924,4.16,5.76,1.6,0.670876,4.784,6.06,1.276,0.749767
deepseek_reasoning,DeepSeek,reasoning,budget_03,3,50,250,1750,0.764571,5.352,6.31,0.958,0.078775,0.169714,0.830286,0.173027,0.848043,0.657471,4.9,6.26,1.36,0.730262,5.4,6.5,1.1,0.793929
deepseek_reasoning,DeepSeek,reasoning,budget_06,6,50,250,1750,0.874,6.118,6.66,0.542,0.078964,0.145714,0.854286,0.16211,0.841626,0.683415,5.796,6.68,0.884,0.84689,6.084,6.78,0.696,0.875781
deepseek_temp1_chat,DeepSeek,chat,budget_02,2,50,250,1750,0.68,4.76,5.8,1.04,0.101461,0.191429,0.808571,0.181431,0.850891,0.629447,4.204,6,1.796,0.662105,4.792,6.34,1.548,0.734229
deepseek_temp1_chat,DeepSeek,chat,budget_03,3,50,250,1750,0.790286,5.532,6.38,0.848,0.092384,0.182286,0.817714,0.173859,0.847884,0.652612,5.028,6.46,1.432,0.729367,5.556,6.64,1.084,0.796824
deepseek_temp1_chat,DeepSeek,chat,budget_06,6,50,250,1750,0.881714,6.172,6.73,0.558,0.080077,0.165143,0.834857,0.163705,0.843294,0.681703,5.764,6.74,0.976,0.809248,6.112,6.88,0.768,0.8525
gemini_2_5_flash_lite,Gemini,2_5_flash_lite,budget_02,2,50,250,1750,0.595143,4.166,5.07,0.904,0.088368,0.215429,0.784571,0.215634,0.859578,0.659781,3.512,5.28,1.768,0.613052,4.256,5.72,1.464,0.716972
gemini_2_5_flash_lite,Gemini,2_5_flash_lite,budget_03,3,50,250,1750,0.638571,4.47,5.7,1.23,0.092732,0.225143,0.774857,0.20562,0.856813,0.681889,3.768,5.66,1.892,0.585943,4.64,6.36,1.72,0.67979
gemini_2_5_flash_lite,Gemini,2_5_flash_lite,budget_06,6,50,250,1750,0.758857,5.312,6.2,0.888,0.080144,0.217143,0.782857,0.182218,0.850299,0.693093,4.64,6.3,1.66,0.673762,5.376,6.62,1.244,0.773738
