generator_name,model_family,variant,budget_dir,sentence_count,slot,n_meetings,n_runs,n_label_cells,mean_slot_presence_0_1,best_of_5_slot_presence_0_1,best_of_5_headroom_0_1,fact_error_rate,human_adjudication_rate,tuple_agreement_rate
deepseek_reasoning,DeepSeek,reasoning,budget_02,2,T,50,250,250,0.89,1,0.11,0.008584,0.196,0.804
deepseek_reasoning,DeepSeek,reasoning,budget_02,2,O,50,250,250,0.954,1,0.046,0.170124,0.188,0.812
deepseek_reasoning,DeepSeek,reasoning,budget_02,2,B,50,250,250,0.482,0.71,0.228,0.024194,0.228,0.772
deepseek_reasoning,DeepSeek,reasoning,budget_02,2,N,50,250,250,0.87,1,0.13,0.126697,0.216,0.784
deepseek_reasoning,DeepSeek,reasoning,budget_02,2,L,50,250,250,0.532,0.79,0.258,0,0.192,0.808
deepseek_reasoning,DeepSeek,reasoning,budget_02,2,S,50,250,250,0.438,0.71,0.272,0,0.144,0.856
deepseek_reasoning,DeepSeek,reasoning,budget_02,2,U,50,250,250,0.538,0.76,0.222,0.072368,0.2,0.8
deepseek_reasoning,DeepSeek,reasoning,budget_03,3,T,50,250,250,0.936,1,0.064,0.041494,0.168,0.832
deepseek_reasoning,DeepSeek,reasoning,budget_03,3,O,50,250,250,0.97,1,0.03,0.196721,0.128,0.872
deepseek_reasoning,DeepSeek,reasoning,budget_03,3,B,50,250,250,0.648,0.89,0.242,0.042945,0.244,0.756
deepseek_reasoning,DeepSeek,reasoning,budget_03,3,N,50,250,250,0.95,1,0.05,0.125523,0.208,0.792
deepseek_reasoning,DeepSeek,reasoning,budget_03,3,L,50,250,250,0.634,0.87,0.236,0,0.14,0.86
deepseek_reasoning,DeepSeek,reasoning,budget_03,3,S,50,250,250,0.578,0.81,0.232,0.013514,0.156,0.844
deepseek_reasoning,DeepSeek,reasoning,budget_03,3,U,50,250,250,0.636,0.88,0.244,0.063218,0.144,0.856
deepseek_reasoning,DeepSeek,reasoning,budget_06,6,T,50,250,250,0.992,1,0.008,0.024194,0.108,0.892
deepseek_reasoning,DeepSeek,reasoning,budget_06,6,O,50,250,250,0.982,1,0.018,0.195122,0.156,0.844
deepseek_reasoning,DeepSeek,reasoning,budget_06,6,B,50,250,250,0.83,0.98,0.15,0.043269,0.18,0.82
deepseek_reasoning,DeepSeek,reasoning,budget_06,6,N,50,250,250,0.988,1,0.012,0.153846,0.224,0.776
deepseek_reasoning,DeepSeek,reasoning,budget_06,6,L,50,250,250,0.82,0.96,0.14,0.014423,0.084,0.916
deepseek_reasoning,DeepSeek,reasoning,budget_06,6,S,50,250,250,0.768,0.92,0.152,0.020725,0.132,0.868
deepseek_reasoning,DeepSeek,reasoning,budget_06,6,U,50,250,250,0.738,0.91,0.172,0.071795,0.136,0.864
deepseek_temp1_chat,DeepSeek,chat,budget_02,2,T,50,250,250,0.93,1,0.07,0.049793,0.176,0.824
deepseek_temp1_chat,DeepSeek,chat,budget_02,2,O,50,250,250,0.918,1,0.082,0.256522,0.2,0.8
deepseek_temp1_chat,DeepSeek,chat,budget_02,2,B,50,250,250,0.548,0.77,0.222,0.043165,0.216,0.784
deepseek_temp1_chat,DeepSeek,chat,budget_02,2,N,50,250,250,0.888,1,0.112,0.114035,0.244,0.756
deepseek_temp1_chat,DeepSeek,chat,budget_02,2,L,50,250,250,0.526,0.87,0.344,0.021739,0.164,0.836
deepseek_temp1_chat,DeepSeek,chat,budget_02,2,S,50,250,250,0.488,0.85,0.362,0.008065,0.18,0.82
deepseek_temp1_chat,DeepSeek,chat,budget_02,2,U,50,250,250,0.462,0.76,0.298,0.136364,0.16,0.84
deepseek_temp1_chat,DeepSeek,chat,budget_03,3,T,50,250,250,0.958,1,0.042,0.024691,0.176,0.824
deepseek_temp1_chat,DeepSeek,chat,budget_03,3,O,50,250,250,0.948,1,0.052,0.25523,0.164,0.836
deepseek_temp1_chat,DeepSeek,chat,budget_03,3,B,50,250,250,0.702,0.9,0.198,0.045455,0.224,0.776
deepseek_temp1_chat,DeepSeek,chat,budget_03,3,N,50,250,250,0.93,0.98,0.05,0.119149,0.208,0.792
deepseek_temp1_chat,DeepSeek,chat,budget_03,3,L,50,250,250,0.738,0.91,0.172,0.021164,0.172,0.828
deepseek_temp1_chat,DeepSeek,chat,budget_03,3,S,50,250,250,0.654,0.92,0.266,0.018072,0.152,0.848
deepseek_temp1_chat,DeepSeek,chat,budget_03,3,U,50,250,250,0.602,0.86,0.258,0.123529,0.18,0.82
deepseek_temp1_chat,DeepSeek,chat,budget_06,6,T,50,250,250,0.992,1,0.008,0.028226,0.124,0.876
deepseek_temp1_chat,DeepSeek,chat,budget_06,6,O,50,250,250,0.966,1,0.034,0.205761,0.188,0.812
deepseek_temp1_chat,DeepSeek,chat,budget_06,6,B,50,250,250,0.852,0.98,0.128,0.042254,0.188,0.812
deepseek_temp1_chat,DeepSeek,chat,budget_06,6,N,50,250,250,0.984,1,0.016,0.130081,0.172,0.828
deepseek_temp1_chat,DeepSeek,chat,budget_06,6,L,50,250,250,0.856,0.95,0.094,0.013825,0.128,0.872
deepseek_temp1_chat,DeepSeek,chat,budget_06,6,S,50,250,250,0.808,0.96,0.152,0.039024,0.184,0.816
deepseek_temp1_chat,DeepSeek,chat,budget_06,6,U,50,250,250,0.714,0.92,0.206,0.084656,0.172,0.828
gemini_2_5_flash_lite,Gemini,2_5_flash_lite,budget_02,2,T,50,250,250,0.938,0.99,0.052,0.04898,0.2,0.8
gemini_2_5_flash_lite,Gemini,2_5_flash_lite,budget_02,2,O,50,250,250,0.766,0.95,0.184,0.170103,0.172,0.828
gemini_2_5_flash_lite,Gemini,2_5_flash_lite,budget_02,2,B,50,250,250,0.46,0.76,0.3,0.090164,0.232,0.768
gemini_2_5_flash_lite,Gemini,2_5_flash_lite,budget_02,2,N,50,250,250,0.812,0.96,0.148,0.105505,0.312,0.688
gemini_2_5_flash_lite,Gemini,2_5_flash_lite,budget_02,2,L,50,250,250,0.51,0.81,0.3,0.065217,0.26,0.74
gemini_2_5_flash_lite,Gemini,2_5_flash_lite,budget_02,2,S,50,250,250,0.462,0.74,0.278,0.04065,0.216,0.784
gemini_2_5_flash_lite,Gemini,2_5_flash_lite,budget_02,2,U,50,250,250,0.218,0.39,0.172,0.072464,0.116,0.884
gemini_2_5_flash_lite,Gemini,2_5_flash_lite,budget_03,3,T,50,250,250,0.934,0.99,0.056,0.069672,0.18,0.82
gemini_2_5_flash_lite,Gemini,2_5_flash_lite,budget_03,3,O,50,250,250,0.822,0.96,0.138,0.165094,0.184,0.816
gemini_2_5_flash_lite,Gemini,2_5_flash_lite,budget_03,3,B,50,250,250,0.472,0.72,0.248,0.058333,0.22,0.78
gemini_2_5_flash_lite,Gemini,2_5_flash_lite,budget_03,3,N,50,250,250,0.802,0.97,0.168,0.116822,0.328,0.672
gemini_2_5_flash_lite,Gemini,2_5_flash_lite,budget_03,3,L,50,250,250,0.534,0.92,0.386,0.047619,0.248,0.752
gemini_2_5_flash_lite,Gemini,2_5_flash_lite,budget_03,3,S,50,250,250,0.472,0.87,0.398,0.04,0.192,0.808
gemini_2_5_flash_lite,Gemini,2_5_flash_lite,budget_03,3,U,50,250,250,0.434,0.74,0.306,0.111111,0.224,0.776
gemini_2_5_flash_lite,Gemini,2_5_flash_lite,budget_06,6,T,50,250,250,0.944,1,0.056,0.045082,0.164,0.836
gemini_2_5_flash_lite,Gemini,2_5_flash_lite,budget_06,6,O,50,250,250,0.87,1,0.13,0.15625,0.196,0.804
gemini_2_5_flash_lite,Gemini,2_5_flash_lite,budget_06,6,B,50,250,250,0.71,0.93,0.22,0.060109,0.308,0.692
gemini_2_5_flash_lite,Gemini,2_5_flash_lite,budget_06,6,N,50,250,250,0.898,0.99,0.092,0.111111,0.304,0.696
gemini_2_5_flash_lite,Gemini,2_5_flash_lite,budget_06,6,L,50,250,250,0.796,0.98,0.184,0.034314,0.216,0.784
gemini_2_5_flash_lite,Gemini,2_5_flash_lite,budget_06,6,S,50,250,250,0.666,0.9,0.234,0.052632,0.184,0.816
gemini_2_5_flash_lite,Gemini,2_5_flash_lite,budget_06,6,U,50,250,250,0.428,0.72,0.292,0.096,0.148,0.852
