row_type,generator,budget,decision_type,n_meetings,mean_total_presence,ci_low,ci_high,contrast,estimate,method,note,bootstrap_B,bootstrap_unit,seed
group_mean,deepseek_reasoning,budget_06,Motion,6,5.516667,4.516667,6.45,,,stratified_decision_type_bootstrap,Group sizes are small; interpret as heterogeneity diagnostic.,10000,meeting_id_within_decision_type,20260521
group_mean,deepseek_reasoning,budget_06,Ordinance,13,6.076923,5.592308,6.515385,,,stratified_decision_type_bootstrap,Group sizes are small; interpret as heterogeneity diagnostic.,10000,meeting_id_within_decision_type,20260521
group_mean,deepseek_reasoning,budget_06,Other,25,6.168,5.844,6.452,,,stratified_decision_type_bootstrap,Group sizes are small; interpret as heterogeneity diagnostic.,10000,meeting_id_within_decision_type,20260521
group_mean,deepseek_reasoning,budget_06,Resolution,6,6.6,6.333333,6.866667,,,stratified_decision_type_bootstrap,Group sizes are small; interpret as heterogeneity diagnostic.,10000,meeting_id_within_decision_type,20260521
contrast,deepseek_reasoning,budget_06,,Resolution=6; Motion=6,,0.1,2.1,Resolution - Motion,1.083333,stratified_decision_type_bootstrap,Primary decision-type contrast; small-n diagnostic.,10000,meeting_id_within_decision_type,20260521
group_mean,deepseek_temp1_chat,budget_06,Motion,6,6.016667,5.366667,6.466667,,,stratified_decision_type_bootstrap,Group sizes are small; interpret as heterogeneity diagnostic.,10000,meeting_id_within_decision_type,20260521
group_mean,deepseek_temp1_chat,budget_06,Ordinance,13,5.946154,5.4,6.446154,,,stratified_decision_type_bootstrap,Group sizes are small; interpret as heterogeneity diagnostic.,10000,meeting_id_within_decision_type,20260521
group_mean,deepseek_temp1_chat,budget_06,Other,25,6.204,5.896,6.456,,,stratified_decision_type_bootstrap,Group sizes are small; interpret as heterogeneity diagnostic.,10000,meeting_id_within_decision_type,20260521
group_mean,deepseek_temp1_chat,budget_06,Resolution,6,6.683333,6.35,6.933333,,,stratified_decision_type_bootstrap,Group sizes are small; interpret as heterogeneity diagnostic.,10000,meeting_id_within_decision_type,20260521
contrast,deepseek_temp1_chat,budget_06,,Resolution=6; Motion=6,,0.1,1.366667,Resolution - Motion,0.666667,stratified_decision_type_bootstrap,Primary decision-type contrast; small-n diagnostic.,10000,meeting_id_within_decision_type,20260521
group_mean,gemini_2_5_flash_lite,budget_06,Motion,6,5.416667,4.75,6.033333,,,stratified_decision_type_bootstrap,Group sizes are small; interpret as heterogeneity diagnostic.,10000,meeting_id_within_decision_type,20260521
group_mean,gemini_2_5_flash_lite,budget_06,Ordinance,13,5.246154,4.807692,5.676923,,,stratified_decision_type_bootstrap,Group sizes are small; interpret as heterogeneity diagnostic.,10000,meeting_id_within_decision_type,20260521
group_mean,gemini_2_5_flash_lite,budget_06,Other,25,5.28,4.8959,5.688,,,stratified_decision_type_bootstrap,Group sizes are small; interpret as heterogeneity diagnostic.,10000,meeting_id_within_decision_type,20260521
group_mean,gemini_2_5_flash_lite,budget_06,Resolution,6,5.483333,4.816667,6.133333,,,stratified_decision_type_bootstrap,Group sizes are small; interpret as heterogeneity diagnostic.,10000,meeting_id_within_decision_type,20260521
contrast,gemini_2_5_flash_lite,budget_06,,Resolution=6; Motion=6,,-0.85,1,Resolution - Motion,0.066667,stratified_decision_type_bootstrap,Primary decision-type contrast; small-n diagnostic.,10000,meeting_id_within_decision_type,20260521
contrast,deepseek_reasoning,budget_06,,valid_bootstrap_samples=9968,,-0.066667,2.246,Resolution - Motion,1.083333,global_meeting_bootstrap,Sensitivity analysis; bootstrap samples missing a type are omitted.,10000,meeting_id,20260521
contrast,deepseek_temp1_chat,budget_06,,valid_bootstrap_samples=9964,,0.05,1.475,Resolution - Motion,0.666667,global_meeting_bootstrap,Sensitivity analysis; bootstrap samples missing a type are omitted.,10000,meeting_id,20260521
contrast,gemini_2_5_flash_lite,budget_06,,valid_bootstrap_samples=9965,,-0.974881,1.075,Resolution - Motion,0.066667,global_meeting_bootstrap,Sensitivity analysis; bootstrap samples missing a type are omitted.,10000,meeting_id,20260521
