subset,slot,n,exact,adjacent,severe,linear_kappa,quadratic_kappa,note
random,T,14,1.0,1.0,0.0,,,constant in one or both labels
random,O,14,0.9285714285714286,1.0,0.0,0.65,0.7878787878787878,
random,N,14,0.6428571428571429,1.0,0.0,0.20454545454545447,0.339622641509434,
random,B,15,0.4666666666666667,0.6,0.4,0.153225806451613,0.16666666666666663,
random,L,15,0.6666666666666666,1.0,0.0,0.6268656716417911,0.7706422018348623,
random,S,14,0.5,0.8571428571428571,0.14285714285714285,0.2921348314606741,0.36363636363636354,
random,U,14,0.8571428571428571,1.0,0.0,0.8444444444444444,0.904109589041096,
hard,T,5,1.0,1.0,0.0,,,constant in one or both labels
hard,O,2,0.5,1.0,0.0,0.5,0.6666666666666667,
hard,N,23,0.6086956521739131,1.0,0.0,0.26855123674911663,0.303030303030303,
hard,B,22,0.6818181818181818,0.9545454545454546,0.045454545454545456,0.04347826086956519,0.009009009009009139,
hard,L,19,0.7368421052631579,1.0,0.0,0.5739910313901346,0.6801346801346801,
hard,S,14,0.2857142857142857,0.9285714285714286,0.07142857142857142,-0.3050847457627117,-0.3999999999999999,
hard,U,15,0.6,0.9333333333333333,0.06666666666666667,0.18604651162790697,0.05594405594405594,
