generator_name,budget,slot,n_meetings,slot_instability
deepseek_reasoning,budget_06,B,50,0.0664
deepseek_reasoning,budget_06,L,50,0.0532
deepseek_reasoning,budget_06,N,50,0.008
deepseek_reasoning,budget_06,O,50,0.0088
deepseek_reasoning,budget_06,S,50,0.06
deepseek_reasoning,budget_06,T,50,0.0064
deepseek_reasoning,budget_06,U,50,0.0744
deepseek_temp1_chat,budget_06,B,50,0.0688
deepseek_temp1_chat,budget_06,L,50,0.0428
deepseek_temp1_chat,budget_06,N,50,0.0112
deepseek_temp1_chat,budget_06,O,50,0.0172
deepseek_temp1_chat,budget_06,S,50,0.07
deepseek_temp1_chat,budget_06,T,50,0.0064
deepseek_temp1_chat,budget_06,U,50,0.0744
gemini_2_5_flash_lite,budget_06,B,50,0.09
gemini_2_5_flash_lite,budget_06,L,50,0.0916
gemini_2_5_flash_lite,budget_06,N,50,0.0428
gemini_2_5_flash_lite,budget_06,O,50,0.054
gemini_2_5_flash_lite,budget_06,S,50,0.086
gemini_2_5_flash_lite,budget_06,T,50,0.0172
gemini_2_5_flash_lite,budget_06,U,50,0.0872
