main_order,subset,subset_order,calibration_order,eval_order,meeting_id,uid,body_code,city,date,dataset_split,dataset_id,decision_type,segment_type,segment_word_count,summary_word_count,length_bin,random_key,candidate_rank_within_stratum,selection_order_within_stratum,selection_body_cap,screen_status,excluded_reason
1,calibration_10,1,1.0,,DenverCityCouncil_09122016,DenverCityCouncil_09122016_16-0626,DenverCityCouncil,Denver,9122016,train,444,Ordinance,decision-bearing,15357,163,10k-20k,0.4120517861598338,5,5,4,pending_slot_completeness_screen,
2,calibration_10,2,2.0,,KingCountyCC_10012018,KingCountyCC_10012018_2018-0398,KingCountyCC,King County,10012018,train,2188,Motion,decision-bearing,2873,20,2.5k-5k,0.4103556657512164,60,24,4,pending_slot_completeness_screen,
3,calibration_10,3,3.0,,DenverCityCouncil_03142022,DenverCityCouncil_03142022_22-0125,DenverCityCouncil,Denver,3142022,train,4061,Ordinance,decision-bearing,8247,72,5k-10k,0.0350907601652308,1,1,4,pending_slot_completeness_screen,repair_duplicate_meeting_2026_05_19
4,calibration_10,4,4.0,,LongBeachCC_11182014,LongBeachCC_11182014_14-0970,LongBeachCC,Long Beach,11182014,train,2326,Ordinance,decision-bearing,15100,142,10k-20k,0.0156684979328454,4,4,4,pending_slot_completeness_screen,
5,calibration_10,5,5.0,,LongBeachCC_01192021,LongBeachCC_01192021_21-0056,LongBeachCC,Long Beach,1192021,test,573,Ordinance,decision-bearing,4633,30,2.5k-5k,0.0195854294662642,5,5,4,pending_slot_completeness_screen,
6,calibration_10,6,6.0,,DenverCityCouncil_09252017,DenverCityCouncil_09252017_17-1060,DenverCityCouncil,Denver,9252017,train,2041,Other,non-decision,5510,24,5k-10k,0.0023045827896858,1,1,5,pending_slot_completeness_screen,
7,calibration_10,7,7.0,,LongBeachCC_06102014,LongBeachCC_06102014_14-0426,LongBeachCC,Long Beach,6102014,validation,734,Other,non-decision,6763,72,5k-10k,0.0094957144156125,2,2,5,pending_slot_completeness_screen,
8,calibration_10,8,8.0,,DenverCityCouncil_04132015,DenverCityCouncil_04132015_15-0201,DenverCityCouncil,Denver,4132015,train,1122,Other,non-decision,3196,20,2.5k-5k,0.0222882538800762,3,3,5,pending_slot_completeness_screen,
9,calibration_10,9,9.0,,AlamedaCC_04292015,AlamedaCC_04292015_2015-1631,AlamedaCC,Alameda,4292015,train,4762,Other,non-decision,7845,31,5k-10k,0.0255464308811026,4,4,5,pending_slot_completeness_screen,
10,calibration_10,10,10.0,,AlamedaCC_09212021,AlamedaCC_09212021_2021-1292,AlamedaCC,Alameda,9212021,train,3464,Other,non-decision,13889,67,10k-20k,0.0300408908897466,5,5,5,pending_slot_completeness_screen,
11,confirmatory_eval_40,1,,1.0,DenverCityCouncil_12192016,DenverCityCouncil_12192016_16-1034,DenverCityCouncil,Denver,12192016,test,577,Ordinance,decision-bearing,3028,52,2.5k-5k,0.0215757006889621,6,6,4,pending_slot_completeness_screen,
12,confirmatory_eval_40,2,,2.0,KingCountyCC_03212018,KingCountyCC_03212018_2018-0069,KingCountyCC,King County,3212018,train,3934,Ordinance,decision-bearing,4887,20,2.5k-5k,0.0223892265287954,7,7,4,pending_slot_completeness_screen,
13,confirmatory_eval_40,3,,3.0,LongBeachCC_03102015,LongBeachCC_03102015_15-0115,LongBeachCC,Long Beach,3102015,train,958,Ordinance,decision-bearing,17223,30,10k-20k,0.0230598495602577,8,8,4,pending_slot_completeness_screen,
14,confirmatory_eval_40,4,,4.0,DenverCityCouncil_01092017,DenverCityCouncil_01092017_16-1071,DenverCityCouncil,Denver,1092017,train,1002,Ordinance,decision-bearing,5657,82,5k-10k,0.025368822315063,9,9,4,pending_slot_completeness_screen,
15,confirmatory_eval_40,5,,5.0,AlamedaCC_02022016,AlamedaCC_02022016_2016-2508,AlamedaCC,Alameda,2022016,validation,680,Resolution,decision-bearing,12063,71,10k-20k,0.0258456794622491,10,10,4,pending_slot_completeness_screen,
16,confirmatory_eval_40,6,,6.0,KingCountyCC_06012022,KingCountyCC_06012022_2022-0180,KingCountyCC,King County,6012022,train,494,Ordinance,decision-bearing,5554,67,5k-10k,0.0261462716368023,11,11,4,pending_slot_completeness_screen,
17,confirmatory_eval_40,7,,7.0,DenverCityCouncil_04092018,DenverCityCouncil_04092018_18-0173,DenverCityCouncil,Denver,4092018,train,428,Ordinance,decision-bearing,4578,75,2.5k-5k,0.0301478999787011,12,12,4,pending_slot_completeness_screen,
18,confirmatory_eval_40,8,,8.0,SeattleCityCouncil_08152016,SeattleCityCouncil_08152016_Res 31698,SeattleCityCouncil,Seattle,8152016,train,1714,Resolution,decision-bearing,5016,19,5k-10k,0.0372749125628761,16,13,4,pending_slot_completeness_screen,
19,confirmatory_eval_40,9,,9.0,AlamedaCC_12202016,AlamedaCC_12202016_2016-3688,AlamedaCC,Alameda,12202016,validation,821,Resolution,decision-bearing,15155,68,10k-20k,0.038180721325059,17,14,4,pending_slot_completeness_screen,
20,confirmatory_eval_40,10,,10.0,SeattleCityCouncil_08092021,SeattleCityCouncil_08092021_Res 32015,SeattleCityCouncil,Seattle,8092021,validation,285,Resolution,decision-bearing,3812,52,2.5k-5k,0.0406223437744024,19,15,4,pending_slot_completeness_screen,
21,confirmatory_eval_40,11,,11.0,SeattleCityCouncil_03192020,SeattleCityCouncil_03192020_CB 119758,SeattleCityCouncil,Seattle,3192020,train,4640,Ordinance,decision-bearing,3121,64,2.5k-5k,0.0410355766128602,20,16,4,pending_slot_completeness_screen,
22,confirmatory_eval_40,12,,12.0,KingCountyCC_07292019,KingCountyCC_07292019_2019-0245,KingCountyCC,King County,7292019,train,152,Motion,decision-bearing,15848,34,10k-20k,0.0453761330181721,22,17,4,pending_slot_completeness_screen,
23,confirmatory_eval_40,13,,13.0,AlamedaCC_11032015,AlamedaCC_11032015_2015-2060,AlamedaCC,Alameda,11032015,train,2965,Ordinance,decision-bearing,6255,53,5k-10k,0.0628800445412941,34,18,4,pending_slot_completeness_screen,
24,confirmatory_eval_40,14,,14.0,BostonCC_06152022,BostonCC_06152022_2022-0770,BostonCC,Boston,6152022,train,2724,Motion,decision-bearing,4442,69,2.5k-5k,0.0636226692363239,35,19,4,pending_slot_completeness_screen,
25,confirmatory_eval_40,15,,15.0,AlamedaCC_12172019,AlamedaCC_12172019_2019-7533,AlamedaCC,Alameda,12172019,train,2584,Resolution,decision-bearing,10086,20,10k-20k,0.0683196386829748,40,20,4,pending_slot_completeness_screen,
26,confirmatory_eval_40,16,,16.0,SeattleCityCouncil_07252016,SeattleCityCouncil_07252016_Res 31683,SeattleCityCouncil,Seattle,7252016,train,2023,Resolution,decision-bearing,2806,81,2.5k-5k,0.0686684498070588,42,21,4,pending_slot_completeness_screen,
27,confirmatory_eval_40,17,,17.0,BostonCC_04132022,BostonCC_04132022_2022-0265,BostonCC,Boston,4132022,train,659,Motion,decision-bearing,4742,128,2.5k-5k,0.0769396393875781,48,22,4,pending_slot_completeness_screen,
28,confirmatory_eval_40,18,,18.0,BostonCC_06292022,BostonCC_06292022_2022-0763,BostonCC,Boston,6292022,validation,578,Motion,decision-bearing,9688,167,5k-10k,0.2623329850861388,147,23,4,pending_slot_completeness_screen,
29,confirmatory_eval_40,19,,19.0,BostonCC_05182022,BostonCC_05182022_2022-0643,BostonCC,Boston,5182022,train,2785,Motion,decision-bearing,5504,44,5k-10k,0.3477949382704359,197,24,4,pending_slot_completeness_screen,
30,confirmatory_eval_40,20,,20.0,DenverCityCouncil_09232019,DenverCityCouncil_09232019_19-0776,DenverCityCouncil,Denver,9232019,train,12,Ordinance,decision-bearing,4087,69,2.5k-5k,0.0312691838965967,13,25,5,pending_slot_completeness_screen,
31,confirmatory_eval_40,21,,21.0,LongBeachCC_03222016,LongBeachCC_03222016_16-0122,LongBeachCC,Long Beach,3222016,train,2746,Other,non-decision,10306,84,10k-20k,0.0320361247446989,6,6,5,pending_slot_completeness_screen,
32,confirmatory_eval_40,22,,22.0,AlamedaCC_02212017,AlamedaCC_02212017_2017-3935,AlamedaCC,Alameda,2212017,test,25,Other,non-decision,8279,63,5k-10k,0.0347887220694889,7,7,5,pending_slot_completeness_screen,
33,confirmatory_eval_40,23,,23.0,LongBeachCC_01262016,LongBeachCC_01262016_16-0069,LongBeachCC,Long Beach,1262016,train,306,Other,non-decision,17863,103,10k-20k,0.0350763817893154,8,8,5,pending_slot_completeness_screen,
34,confirmatory_eval_40,24,,24.0,LongBeachCC_05112021,LongBeachCC_05112021_21-0424,LongBeachCC,Long Beach,5112021,train,264,Other,non-decision,3903,18,2.5k-5k,0.0407638103506038,9,9,5,pending_slot_completeness_screen,
35,confirmatory_eval_40,25,,25.0,AlamedaCC_12062016,AlamedaCC_12062016_2016-3632,AlamedaCC,Alameda,12062016,train,1465,Other,non-decision,4196,26,2.5k-5k,0.042014032266535,10,10,5,pending_slot_completeness_screen,
36,confirmatory_eval_40,26,,26.0,LongBeachCC_11012016,LongBeachCC_11012016_16-0988,LongBeachCC,Long Beach,11012016,train,1095,Other,non-decision,8687,91,5k-10k,0.045397611070636,11,11,5,pending_slot_completeness_screen,
37,confirmatory_eval_40,27,,27.0,AlamedaCC_03302021,AlamedaCC_03302021_2021-8247,AlamedaCC,Alameda,3302021,train,4421,Other,non-decision,10977,27,10k-20k,0.0457998569588668,12,12,5,pending_slot_completeness_screen,
38,confirmatory_eval_40,28,,28.0,DenverCityCouncil_02142022,DenverCityCouncil_02142022_22-0218,DenverCityCouncil,Denver,2142022,validation,514,Other,non-decision,3990,21,2.5k-5k,0.0667204274804896,17,13,5,pending_slot_completeness_screen,
39,confirmatory_eval_40,29,,29.0,DenverCityCouncil_03102014,DenverCityCouncil_03102014_14-0034,DenverCityCouncil,Denver,3102014,validation,491,Other,non-decision,2671,80,2.5k-5k,0.0986664414884767,28,14,5,pending_slot_completeness_screen,
40,confirmatory_eval_40,30,,30.0,DenverCityCouncil_05312016,DenverCityCouncil_05312016_16-0341,DenverCityCouncil,Denver,5312016,train,331,Other,non-decision,7468,32,5k-10k,0.1045469898174585,29,15,5,pending_slot_completeness_screen,
41,confirmatory_eval_40,31,,31.0,SeattleCityCouncil_11212016,SeattleCityCouncil_11212016_CF 314362,SeattleCityCouncil,Seattle,11212016,test,108,Other,non-decision,8291,15,5k-10k,0.1759247226202563,48,16,5,pending_slot_completeness_screen,
42,confirmatory_eval_40,32,,32.0,SeattleCityCouncil_01112016,SeattleCityCouncil_01112016_CF 314278,SeattleCityCouncil,Seattle,1112016,train,561,Other,non-decision,4041,35,2.5k-5k,0.2062034284406392,59,17,5,pending_slot_completeness_screen,
43,confirmatory_eval_40,33,,33.0,SeattleCityCouncil_12142015,SeattleCityCouncil_12142015_CF 314278,SeattleCityCouncil,Seattle,12142015,train,713,Other,non-decision,7330,35,5k-10k,0.2808895210300881,79,18,5,pending_slot_completeness_screen,
44,confirmatory_eval_40,34,,34.0,SeattleCityCouncil_11232020,SeattleCityCouncil_11232020_CF 314464,SeattleCityCouncil,Seattle,11232020,validation,485,Other,non-decision,10915,17,10k-20k,0.5493431809818449,161,19,5,pending_slot_completeness_screen,
45,confirmatory_eval_40,35,,35.0,BostonCC_02022022,BostonCC_02022022_2022-0246,BostonCC,Boston,2022022,train,2215,Other,non-decision,3109,19,2.5k-5k,0.5624384098271747,165,20,5,pending_slot_completeness_screen,
46,confirmatory_eval_40,36,,36.0,BostonCC_03162022,BostonCC_03162022_2022-0381,BostonCC,Boston,3162022,validation,15,Other,non-decision,3500,24,2.5k-5k,0.7277682289198785,218,21,5,pending_slot_completeness_screen,
47,confirmatory_eval_40,37,,37.0,SeattleCityCouncil_05022016,SeattleCityCouncil_05022016_CF 312905,SeattleCityCouncil,Seattle,5022016,train,2688,Other,non-decision,11130,35,10k-20k,0.7561872045123791,227,22,5,pending_slot_completeness_screen,
48,confirmatory_eval_40,38,,38.0,BostonCC_06082022,BostonCC_06082022_2022-0486,BostonCC,Boston,6082022,train,501,Other,non-decision,18640,149,10k-20k,0.918280311828116,276,23,5,pending_slot_completeness_screen,
49,confirmatory_eval_40,39,,39.0,LongBeachCC_09112018,LongBeachCC_09112018_18-0800,LongBeachCC,Long Beach,9112018,train,1024,Other,non-decision,3040,24,2.5k-5k,0.0546094157988993,13,24,6,pending_slot_completeness_screen,
50,confirmatory_eval_40,40,,40.0,AlamedaCC_04072015,AlamedaCC_AlamedaCC_04072015_2020-7929,AlamedaCC,Alameda,4072015,test,568,Other,non-decision,13024,23,10k-20k,0.0552429388748673,14,25,6,pending_slot_completeness_screen,
